Cod_Aiuto,Aiuti_Pubblici,Tipo_Aiuto_Concesso,Modalit…_Erogazione_Contributo,Tipo,NAT_A,NAT_O,CDP,DDP_Other,DDP_GREEN,RDPA_AES,RDPA_LFA,RDPA_Nat_2000,RDPA_animal,RDPA_others,RDP_O,CMO_A,CMO_O,,Verifica,AEC,RDP_A_BIO
0001,Aiuti al reddito - aiuto supplementare (art.12 1782/03),Aiuti UE alla produzione (I Pilastro),Conto esercizio (premio),DDP,,,,1,,,,,,,,,,,1,,
0002,Aiuto supplementare - qualita' seminativi  (art.69 1782/03),Aiuti UE alla produzione (I Pilastro),Conto esercizio (premio),CDP,,,1,,,,,,,,,,,,1,,
0003,Aiuto specifico per il riso (1782/03),Aiuti UE alla produzione (I Pilastro),Conto esercizio (premio),CDP,,,1,,,,,,,,,,,,1,,
0004,Premio colture energetiche  (1782/03),Aiuti UE alla produzione (I Pilastro),Conto esercizio (premio),CDP,,,1,,,,,,,,,,,,1,,
0005,Premio colture proteiche    (1782/03),Aiuti UE alla produzione (I Pilastro),Conto esercizio (premio),CDP,,,1,,,,,,,,,,,,1,,
0006,Pagamento unico disaccoppiato (1782/2003),Aiuti UE alla produzione (I Pilastro),Conto esercizio (premio),DDP,,,,1,,,,,,,,,,,1,,
0007,Premio specifico alla qualita' per il frumento duro (1782/2003),Aiuti UE alla produzione (I Pilastro),Conto esercizio (premio),CDP,,,1,,,,,,,,,,,,1,,
0008,Aiuto alla produzioni delle sementi  (1782/2003),Aiuti UE alla produzione (I Pilastro),Conto esercizio (premio),CDP,,,1,,,,,,,,,,,,1,,
0020,Premio frutta a guscio (1782/03),Aiuti UE alla produzione (I Pilastro),Conto esercizio (premio),CDP,,,1,,,,,,,,,,,,1,,
0021,"Pomodoro da industria, aiuto transitorio (1782/2003)",Aiuti UE alla produzione (I Pilastro),Conto esercizio (premio),CDP,,,1,,,,,,,,,,,,1,,
0022,Colture diverse dalle annuali consegnate alla trasformazione (1782/2003),Aiuti UE alla produzione (I Pilastro),Conto esercizio (premio),CDP,,,1,,,,,,,,,,,,1,,
0023,Aiuto finanziario comunitario -  colture orticole (1234/2007),Aiuti UE alla produzione (I Pilastro),Conto esercizio (premio),CMO,,,,,,,,,,,,1,,,1,,
0024,Aiuto finanziario comunitario - colture frutticole (1234/2007),Aiuti UE alla produzione (I Pilastro),Conto esercizio (premio),CMO,,,,,,,,,,,,1,,,1,,
0025,Produttori ortofrutticoli per la prevenzione e gestione delle crisi  (1234/2007),Aiuti UE alla produzione (I Pilastro),Conto esercizio (premio),CMO,,,,,,,,,,,,1,,,1,,
0026,Aiuto a favore di regioni il cui livello di OP sia particolarmente scarso (1234/2007),Aiuti UE alla produzione (I Pilastro),Conto esercizio (premio),CMO,,,,,,,,,,,,1,,,1,,
0050,Aiuto supplementare qualita' carni bovini (art.69 1782/03),Aiuti UE alla produzione (I Pilastro),Conto esercizio (premio),CDP,,,1,,,,,,,,,,,,1,,
0051,Aiuto supplementare qualita carni ovicaprini (art.69 1782/03),Aiuti UE alla produzione (I Pilastro),Conto esercizio (premio),CDP,,,1,,,,,,,,,,,,1,,
0052,Foraggi essiccati: aiuto alla trasformazione (1234/2007),Aiuti UE alla produzione (I Pilastro),Conto esercizio (premio),CMO,,,,,,,,,,,,1,,,1,,
0053,Apicoltura: Programma apicolo nazionale triennale (1234/2007),Aiuti UE alla produzione (I Pilastro),Conto esercizio (premio),CMO,,,,,,,,,,,,1,,,1,,
0054,Bachicoltura: Aiuto a favore dei bachicoltori,Aiuti UE alla produzione (I Pilastro),Conto esercizio (premio),CMO,,,,,,,,,,,,1,,,1,,
0055,Aiuti per il latte scremato usato nell'alimentazione,Aiuti UE alla produzione (I Pilastro),Conto esercizio (premio),CMO,,,,,,,,,,,,1,,,1,,
0056,Aiuto per il latte scremato trasformato in caseina e caseinati,Aiuti UE alla produzione (I Pilastro),Conto esercizio (premio),CMO,,,,,,,,,,,,1,,,1,,
0059,Aiuto nazionale protezione aziende apicole sfavorite  (1234/2007),Aiuti UE alla produzione (I Pilastro),Conto esercizio (premio),CMO,,,,,,,,,,,,1,,,1,,
0063,Settore Avicolo: macellazione anticipata ovaiole (1010/06),Aiuti UE alla produzione (I Pilastro),Conto esercizio (premio),CMO,,,,,,,,,,,,1,,,1,,
0080,Promozione sui mercati dei paesi terzi (479/08),Aiuti UE alla produzione (I Pilastro),Conto esercizio (premio),CMO,,,,,,,,,,,,1,,,1,,
0081,Ristrutturazione e riconversione dei vigneti (479/08),Aiuti UE alla produzione (I Pilastro),Conto capitale,CMO,,,,,,,,,,,,,1,,1,,
0082,Vendemmia verde (479/08),Aiuti UE alla produzione (I Pilastro),Conto esercizio (premio),CMO,,,,,,,,,,,,1,,,1,,
0083,Assicurazione del raccolto di uva (479/08),Aiuti UE alla produzione (I Pilastro),Conto esercizio (premio),CMO,,,,,,,,,,,,1,,,1,,
0084,Investimenti materiali (479/08),Aiuti UE alla produzione (I Pilastro),Conto capitale,CMO,,,,,,,,,,,,,1,,1,,
0086,Distillazione dei sottoprodotti (479/08),Aiuti UE alla produzione (I Pilastro),Conto esercizio (premio),CMO,,,,,,,,,,,,1,,,1,,
0088,Distillazione di crisi (479/08),Aiuti UE alla produzione (I Pilastro),Conto esercizio (premio),CMO,,,,,,,,,,,,1,,,1,,
0089,Uso di mosto di uve concentrato (479/08),Aiuti UE alla produzione (I Pilastro),Conto esercizio (premio),CMO,,,,,,,,,,,,1,,,1,,
0090,Premio per l'estirpazione dei vignenti (479/08),Aiuti UE alla produzione (I Pilastro),Conto esercizio (premio),CMO,,,,,,,,,,,,1,,,1,,
0091,Informazione e promozione dei vini comunitari (479/2008),Aiuti UE alla produzione (I Pilastro),Conto esercizio (premio),CMO,,,,,,,,,,,,1,,,1,,
0110,Aiuto supplementare qualita' zucchero (art.69 1782/03),Aiuti UE alla produzione (I Pilastro),Conto esercizio (premio),CDP,,,1,,,,,,,,,,,,1,,
0111,Aiuti al Tabacco   (864/2004),Aiuti UE alla produzione (I Pilastro),Conto esercizio (premio),CDP,,,1,,,,,,,,,,,,1,,
0112,Aiuto accopiato per barbabietola  da zucchero (1782/2003),Aiuti UE alla produzione (I Pilastro),Conto esercizio (premio),CDP,,,1,,,,,,,,,,,,1,,
0113,Aiuto di Stato per il trasporto delle barbabietole (318/2006),Aiuti UE alla produzione (I Pilastro),Conto esercizio (premio),CMO,,,,,,,,,,,,1,,,1,,
0114,Aiuto alla diversificazione settore zucchero (320/2006),Aiuti UE alla produzione (I Pilastro),Conto capitale,CMO,,,,,,,,,,,,,1,,1,,
0130,Ritiro dalla produzione (1695/05),Aiuti UE alla produzione (I Pilastro),Conto esercizio (premio),CMO,,,,,,,,,,,,1,,,1,,
0132,Misure eccezionali di sostegno del mercato (1234/2007),Aiuti UE alla produzione (I Pilastro),Conto esercizio (premio),CMO,,,,,,,,,,,,1,,,1,,
0140,Qualita' carni bovini macellati e vitelli vacche nutrici (art. 68 Reg CE 73/2009),Aiuti UE alla produzione (I Pilastro),Conto esercizio (premio),CDP,,,1,,,,,,,,,,,,1,,
0141,Qualita' carni ovicaprine (art. 68 Reg CE 73/2009),Aiuti UE alla produzione (I Pilastro),Conto esercizio (premio),CDP,,,1,,,,,,,,,,,,1,,
0142,Qualita' olio d'oliva (art. 68 Reg CE 73/2009),Aiuti UE alla produzione (I Pilastro),Conto esercizio (premio),CDP,,,1,,,,,,,,,,,,1,,
0143,Qualita' latte vaccino (art. 68 Reg CE 73/2009),Aiuti UE alla produzione (I Pilastro),Conto esercizio (premio),CDP,,,1,,,,,,,,,,,,1,,
0144,Trasformazione tabacco (art. 68 Reg CE 73/2009),Aiuti UE alla produzione (I Pilastro),Conto esercizio (premio),CDP,,,1,,,,,,,,,,,,1,,
0145,Barbabietola da zucchero (art. 68 Reg CE 73/2009),Aiuti UE alla produzione (I Pilastro),Conto esercizio (premio),CDP,,,1,,,,,,,,,,,,1,,
0146,Danae racemosa (art. 68 Reg CE 73/2009)),Aiuti UE alla produzione (I Pilastro),Conto esercizio (premio),CDP,,,1,,,,,,,,,,,,1,,
0150,Avvicendamento colturale  (art. 68 Reg CE 73/2009),Aiuti UE alla produzione (I Pilastro),Conto esercizio (premio),CDP,,,1,,,,,,,,,,,,1,,
0151,Contributo su premi assicurativi (art. 68 Reg CE 73/2009),Aiuti UE alla produzione (I Pilastro),Conto esercizio (premio),CDP,,,1,,,,,,,,,,,,1,,
0155,Aiuti da Organizzazione Produttori (OP) in conto esercizio,Aiuti UE alla produzione (I Pilastro),Conto esercizio (premio),CMO,,,,,,,,,,,,1,,,1,,
0156,Aiuti da Organizzazione Produttori (OP) in conto capitale,Aiuti UE alla produzione (I Pilastro),Conto capitale,CMO,,,,,,,,,,,,,1,,1,,
0500,Pagamento base (Reg. 1307/2013),Aiuti UE alla produzione (I Pilastro),Conto esercizio (premio),DDP,,,,1,,,,,,,,,,,1,,
0501,GREENING - Diversificazione delle colture,Aiuti UE alla produzione (I Pilastro),Conto esercizio (premio),DDP,,,,,1,,,,,,,,,,1,,
0502,GREENING - Prati permanenti ricadenti in area Natura 2000,Aiuti UE alla produzione (I Pilastro),Conto esercizio (premio),DDP,,,,,1,,,,,,,,,,1,,
0503,GREENING - Prati permanenti non ricadenti in area Natura 2000,Aiuti UE alla produzione (I Pilastro),Conto esercizio (premio),DDP,,,,,1,,,,,,,,,,1,,
0504,GREENING - EFA - Terreni lasciati a riposo,Aiuti UE alla produzione (I Pilastro),Conto esercizio (premio),DDP,,,,,1,,,,,,,,,,1,,
0505,GREENING - EFA - Terrazzamenti,Aiuti UE alla produzione (I Pilastro),Conto esercizio (premio),DDP,,,,,1,,,,,,,,,,1,,
0506,GREENING - EFA - Elementi caratterizzanti il paesaggio,Aiuti UE alla produzione (I Pilastro),Conto esercizio (premio),DDP,,,,,1,,,,,,,,,,1,,
0507,GREENING - EFA - Fasce tampone,Aiuti UE alla produzione (I Pilastro),Conto esercizio (premio),DDP,,,,,1,,,,,,,,,,1,,
0508,GREENING - EFA - Superficie agro-forestale,Aiuti UE alla produzione (I Pilastro),Conto esercizio (premio),DDP,,,,,1,,,,,,,,,,1,,
0509,GREENING - EFA - Fasce ammissibili zone perriferiche foreste,Aiuti UE alla produzione (I Pilastro),Conto esercizio (premio),DDP,,,,,1,,,,,,,,,,1,,
0510,GREENING - EFA - Bosco ceduo a rotazione,Aiuti UE alla produzione (I Pilastro),Conto esercizio (premio),DDP,,,,,1,,,,,,,,,,1,,
0511,GREENING - EFA - Superficie oggetto di imboschimento,Aiuti UE alla produzione (I Pilastro),Conto esercizio (premio),DDP,,,,,1,,,,,,,,,,1,,
0512,GREENING - EFA - Superficie intercalare,Aiuti UE alla produzione (I Pilastro),Conto esercizio (premio),DDP,,,,,1,,,,,,,,,,1,,
0513,GREENING - EFA - Superfici con coluture azotofissatrici,Aiuti UE alla produzione (I Pilastro),Conto esercizio (premio),DDP,,,,,1,,,,,,,,,,1,,
0514,Pagamento giovani agricoltori (Reg. 1307/2013),Aiuti UE alla produzione (I Pilastro),Conto esercizio (premio),DDP,,,,1,,,,,,,,,,,1,,
0515,Contributo piccoli agricoltori (Reg. 1307/2013),Aiuti UE alla produzione (I Pilastro),Conto esercizio (premio),DDP,,,,1,,,,,,,,,,,1,,
0516,Pagamenti accoppiati (Reg. 1307/2013) - Colture - Soia,Aiuti UE alla produzione (I Pilastro),Conto esercizio (premio),CDP,,,1,,,,,,,,,,,,1,,
0517,Pagamenti accoppiati (Reg. 1307/2013) - Colture - Frumento duro,Aiuti UE alla produzione (I Pilastro),Conto esercizio (premio),CDP,,,1,,,,,,,,,,,,1,,
0518,Pagamenti accoppiati (Reg. 1307/2013) - Colture - Oleo proteaginose,Aiuti UE alla produzione (I Pilastro),Conto esercizio (premio),CDP,,,1,,,,,,,,,,,,1,,
0519,Pagamenti accoppiati (Reg. 1307/2013) - Colture - Colture proteiche,Aiuti UE alla produzione (I Pilastro),Conto esercizio (premio),CDP,,,1,,,,,,,,,,,,1,,
0520,Pagamenti accoppiati (Reg. 1307/2013) - Colture - Riso,Aiuti UE alla produzione (I Pilastro),Conto esercizio (premio),CDP,,,1,,,,,,,,,,,,1,,
0521,Pagamenti accoppiati (Reg. 1307/2013) - Colture - Barbabietola da zucchero,Aiuti UE alla produzione (I Pilastro),Conto esercizio (premio),CDP,,,1,,,,,,,,,,,,1,,
0522,Pagamenti accoppiati (Reg. 1307/2013) - Colture - Pomodoro da industria,Aiuti UE alla produzione (I Pilastro),Conto esercizio (premio),CDP,,,1,,,,,,,,,,,,1,,
0523,Pagamenti accoppiati (Reg. 1307/2013) - Colture - Olivo,Aiuti UE alla produzione (I Pilastro),Conto esercizio (premio),CDP,,,1,,,,,,,,,,,,1,,
0524,Pagamenti accoppiati (Reg. 1307/2013) - Zootecnia - Bovini da latte,Aiuti UE alla produzione (I Pilastro),Conto esercizio (premio),CDP,,,1,,,,,,,,,,,,1,,
0525,Pagamenti accoppiati (Reg. 1307/2013) - Zootecnia - Vacche nutrici,Aiuti UE alla produzione (I Pilastro),Conto esercizio (premio),CDP,,,1,,,,,,,,,,,,1,,
0526,Pagamenti accoppiati (Reg. 1307/2013) - Zootecnia - Bovini macellati,Aiuti UE alla produzione (I Pilastro),Conto esercizio (premio),CDP,,,1,,,,,,,,,,,,1,,
0527,Pagamenti accoppiati (Reg. 1307/2013) - Zootecnia - Agnelle da riproduzione,Aiuti UE alla produzione (I Pilastro),Conto esercizio (premio),CDP,,,1,,,,,,,,,,,,1,,
0528,Pagamenti accoppiati (Reg. 1307/2013) - Zootecnia - Ovicaprini IGP,Aiuti UE alla produzione (I Pilastro),Conto esercizio (premio),CDP,,,1,,,,,,,,,,,,1,,
0529,Pagamenti accoppiati (Reg. 1307/2013) - Zootecnia - Bufalini,Aiuti UE alla produzione (I Pilastro),Conto esercizio (premio),CDP,,,1,,,,,,,,,,,,1,,
0530,OCM Unica (Reg.1308/2013) - Frutta in guscio,Aiuti UE alla produzione (I Pilastro),Conto esercizio (premio),CMO,,,,,,,,,,,,1,,,1,,
0531,OCM Unica (Reg.1308/2013) - Apicoltura,Aiuti UE alla produzione (I Pilastro),Conto esercizio (premio),CMO,,,,,,,,,,,,1,,,1,,
0532,OCM Unica (Reg.1308/2013) - Viticoltura,Aiuti UE alla produzione (I Pilastro),Conto esercizio (premio),CMO,,,,,,,,,,,,1,,,1,,
0533,OCM Unica (Reg.1308/2013) - Altri aiuti nazionali,Aiuti UE alla produzione (I Pilastro),Conto esercizio (premio),CMO,,,,,,,,,,,,1,,,1,,
0534,OCM Unica (Reg.1308/2013) - Misure eccezionali di sostegno,Aiuti UE alla produzione (I Pilastro),Conto esercizio (premio),CMO,,,,,,,,,,,,1,,,1,,
0535,OCM Unica (Reg.1308/2013) - Viticoltura - investimenti,Aiuti UE alla produzione (I Pilastro),Conto capitale,CMO,,,,,,,,,,,,,1,,1,,
0538,Pagamenti speciali zootecnia (Reg UE 1613/2016) - Aziende ubicate su tutto il territorio nazionale,Aiuti UE alla produzione (I Pilastro),Conto capitale,CMO,,,,,,,,,,,,,1,,1,,
0539,Pagamenti speciali zootecnia (Reg UE 1613/2016) - Aziende ubicate nei territori colpiti da eventi sismici 2016/2017,Aiuti UE alla produzione (I Pilastro),Conto capitale,CMO,,,,,,,,,,,,,1,,1,,
0540,GREENING - ÿSenza impegni di diversificazione e di EFA,Aiuti UE alla produzione (I Pilastro),Conto esercizio (premio),DDP,,,,,1,,,,,,,,,,1,,
1111,111 - Formazione professionale e interventi formativi,Aiuti UE allo sviluppo rurale (II Pilastro),Conto esercizio (premio),RDP_A,,,,,,,,,,1,,,,,1,,
1112,112 - Insediamento di giovani agricoltori,Aiuti UE allo sviluppo rurale (II Pilastro),Conto esercizio (premio),RDP_O,,,,,,,,,,1,0,,,,1,,
1113,113 - Prepensionamento di agricoltori e lavoratori agricoli,Aiuti UE allo sviluppo rurale (II Pilastro),Conto esercizio (premio),RDP_A,,,,,,,,,,1,,,,,1,,
1114,114 - Utilizzo dei servizi di consulenza da parte degli imprenditori agricoli e forestali,Aiuti UE allo sviluppo rurale (II Pilastro),Conto esercizio (premio),RDP_A,,,,,,,,,,1,,,,,1,,
1115,115 - Avviamento di servizi di onsulenza e assistenza alla gestione,Aiuti UE allo sviluppo rurale (II Pilastro),Conto esercizio (premio),RDP_A,,,,,,,,,,1,,,,,1,,
1121,121 - Ammodernamento delle aziende agricole,Aiuti UE allo sviluppo rurale (II Pilastro),Conto capitale,RDP_O,,,,,,,,,,,1,,,,1,,
1122,122 - Migliore valorizzazione economica delle foreste,Aiuti UE allo sviluppo rurale (II Pilastro),Conto capitale,RDP_O,,,,,,,,,,,1,,,,1,,
1123,123 - Accrescimento del valore aggiunto dei prodotti agricoli e forestali,Aiuti UE allo sviluppo rurale (II Pilastro),Conto capitale,RDP_O,,,,,,,,,,,1,,,,1,,
1124,"124 - Cooperazione per lo sviluppo di nuovi prodotti, processi e tecnologie",Aiuti UE allo sviluppo rurale (II Pilastro),Conto esercizio (premio),RDP_A,,,,,,,,,,1,,,,,1,,
1125,125 - Infrastrutture connesse allo sviluppo dell'agricoltura e della silvicoltura,Aiuti UE allo sviluppo rurale (II Pilastro),Conto capitale,RDP_O,,,,,,,,,,,1,,,,1,,
1126,126 - Ripristino potenziale produttivo agricolo danneggiato calamita' naturali,Aiuti UE allo sviluppo rurale (II Pilastro),Conto capitale,RDP_O,,,,,,,,,,,1,,,,1,,
1131,131 - Rispetto delle norme basate sulla legislazione Comunitaria,Aiuti UE allo sviluppo rurale (II Pilastro),Conto esercizio (premio),RDP_A,,,,,,,,,,1,,,,,1,,
1132,132 - Partecipazione degli agricoltori ai sistemi di qualita' alimentare,Aiuti UE allo sviluppo rurale (II Pilastro),Conto esercizio (premio),RDP_A,,,,,,,,,,1,,,,,1,,
1133,133 - Sostegno alle associazioni di produttori per attivita' di informazione e promozione,Aiuti UE allo sviluppo rurale (II Pilastro),Conto esercizio (premio),RDP_A,,,,,,,,,,1,,,,,1,,
1211,211 - Indennita' per svantaggi naturali a favore di agricoltori delle zone montane,Aiuti UE allo sviluppo rurale (II Pilastro),Conto esercizio (premio),RDP_A,,,,,,,1,,,,,,,,1,,
1212,"212 - Indennita' per zone caratterizzate da svantaggi naturali, diverse dalle zone montane",Aiuti UE allo sviluppo rurale (II Pilastro),Conto esercizio (premio),RDP_A,,,,,,,1,,,,,,,,1,,
1213,213 - Indennita' Natura 2000 e indennita' connesse alla Direttiva Quadro del Settore Acque,Aiuti UE allo sviluppo rurale (II Pilastro),Conto esercizio (premio),RDP_A,,,,,,,,1,,,,,,,1,,
1214,214 - Pagamenti agroambientali,Aiuti UE allo sviluppo rurale (II Pilastro),Conto esercizio (premio),RDP_A,,,,,,1,,,,,,,,,1,,
1215,215 - Pagamenti per il benessere degli animali,Aiuti UE allo sviluppo rurale (II Pilastro),Conto esercizio (premio),RDP_A,,,,,,,,,1,,,,,,1,,
1216,216 - Sostegno agli investimenti non produttivi,Aiuti UE allo sviluppo rurale (II Pilastro),Conto esercizio (premio),RDP_A,,,,,,,,,,1,,,,,1,,
1221,221 - Primo imboschimento di terreni agricoli,Aiuti UE allo sviluppo rurale (II Pilastro),Conto esercizio (premio),RDP_A,,,,,,,,,,1,,,,,1,,
1222,222 - Primo impianto di sistemi agroforestali su terreni agricoli,Aiuti UE allo sviluppo rurale (II Pilastro),Conto esercizio (premio),RDP_A,,,,,,,,,,1,,,,,1,,
1223,223 - Primo imboschimento di superfici non agricole,Aiuti UE allo sviluppo rurale (II Pilastro),Conto esercizio (premio),RDP_A,,,,,,,,,,1,,,,,1,,
1224,224 - Indennita' Natura 2000,Aiuti UE allo sviluppo rurale (II Pilastro),Conto esercizio (premio),RDP_A,,,,,,,,1,,,,,,,1,,
1225,225 - Pagamenti per interventi silvoambientali,Aiuti UE allo sviluppo rurale (II Pilastro),Conto esercizio (premio),RDP_A,,,,,,,,,,1,,,,,1,,
1226,226 - Ricostituzione del potenziale forestale ed introduzione di interventi preventivi,Aiuti UE allo sviluppo rurale (II Pilastro),Conto esercizio (premio),RDP_A,,,,,,,,,,1,,,,,1,,
1227,227 - Sostegno agli investimenti non produttivi nel settore forestale,Aiuti UE allo sviluppo rurale (II Pilastro),Conto esercizio (premio),RDP_A,,,,,,,,,,1,,,,,1,,
1311,311 - Diversificazione in attivita' non agricole,Aiuti UE allo sviluppo rurale (II Pilastro),Conto capitale,RDP_O,,,,,,,,,,,1,,,,1,,
1312,312 - Creazione e sviluppo di micro-imprese,Aiuti UE allo sviluppo rurale (II Pilastro),Conto capitale,RDP_O,,,,,,,,,,,1,,,,1,,
1313,313 - Incentivazione delle attivita' turistiche,Aiuti UE allo sviluppo rurale (II Pilastro),Conto capitale,RDP_O,,,,,,,,,,,1,,,,1,,
1321,321 - Servizi essenziali per lƒ??economia e la popolazione rurale,Aiuti UE allo sviluppo rurale (II Pilastro),Conto capitale,RDP_O,,,,,,,,,,,1,,,,1,,
1323,323 - Tutela e riqualificazione del patrimonio rurale,Aiuti UE allo sviluppo rurale (II Pilastro),Conto capitale,RDP_O,,,,,,,,,,,1,,,,1,,
1331,"331 - Formazione e informazione, per gli attori economici dell'asse 3",Aiuti UE allo sviluppo rurale (II Pilastro),Conto esercizio (premio),RDP_A,,,,,,,,,,1,,,,,1,,
1411,411 - Competitivita',Aiuti UE allo sviluppo rurale (II Pilastro),Conto esercizio (premio),RDP_A,,,,,,,,,,1,,,,,1,,
1412,412 - Gestione dell'ambiente / del territorio,Aiuti UE allo sviluppo rurale (II Pilastro),Conto capitale,RDP_O,,,,,,,,,,,1,,,,1,,
1413,413 - Qualita' della vita/diversificazione,Aiuti UE allo sviluppo rurale (II Pilastro),Conto capitale,RDP_O,,,,,,,,,,,1,,,,1,,
1431,"431 - Gestione dei Gruppi di Azione Locale (GAL), competenze e animazione",Aiuti UE allo sviluppo rurale (II Pilastro),Conto esercizio (premio),RDP_A,,,,,,,,,,1,,,,,1,,
1441,144 - Aziende agricole in via di ristrutturazione per riforma OCM tabacco,Aiuti UE allo sviluppo rurale (II Pilastro),Conto esercizio (premio),CMO,,,,,,,,,,,,1,,,1,,
20201,Mis.2.1 - Sostegno ai servizi di consulenza,Aiuti UE allo sviluppo rurale (II Pilastro),Conto capitale,RDP_O,,,,,,,,,,,1,,,,1,,
20301,Mis.3.1 - Sostegno alla nuova adesione a regimi di qualit…,Aiuti UE allo sviluppo rurale (II Pilastro),Conto capitale,RDP_O,,,,,,,,,,,1,,,,1,,
20401,Mis.4.1 - Sostegno a investimenti nelle aziende agricole,Aiuti UE allo sviluppo rurale (II Pilastro),Conto capitale,RDP_O,,,,,,,,,,,1,,,,1,,
20402,"Mis.4.2 - Investimenti a favore della trasformazione, commercializzazione e sviluppo prodotti",Aiuti UE allo sviluppo rurale (II Pilastro),Conto capitale,RDP_O,,,,,,,,,,,1,,,,1,,
20403,"Mis.4.3 - Investimenti nell'infrastruttura per lo sviluppo, ammodernamento e adeguamento",Aiuti UE allo sviluppo rurale (II Pilastro),Conto capitale,RDP_O,,,,,,,,,,,1,,,,1,,
20404,Mis.4.4 - Investimenti non produttivi connessi agli obbiettivi agro-climatico-ambientale,Aiuti UE allo sviluppo rurale (II Pilastro),Conto capitale,RDP_O,,,,,,,,,,,1,,,,1,,
20501,Mis.5.1 - Investimenti finalizzati alla riduzione di probabili calamit… naturali,Aiuti UE allo sviluppo rurale (II Pilastro),Conto capitale,RDP_O,,,,,,,,,,,1,,,,1,,
20502,Mis.5.2 - Riprisitono di terreni danneggiati da calamit… naturali,Aiuti UE allo sviluppo rurale (II Pilastro),Conto capitale,RDP_O,,,,,,,,,,,1,,,,1,,
20601,Mis.6.1 - Aiuti all'avviamento di attivit… imprenditoriali per i giovani agricoltori,Aiuti UE allo sviluppo rurale (II Pilastro),Conto capitale,RDP_O,,,,,,,,,,,1,,,,1,,
20604,Mis.6.4 - Sostegno a investimenti nella creazione e sviluppo di attivit… extra-agricole,Aiuti UE allo sviluppo rurale (II Pilastro),Conto capitale,RDP_O,,,,,,,,,,,1,,,,1,,
20801,Mis.8.1 - Sostegno alla forestazione e all'imboschimento,Aiuti UE allo sviluppo rurale (II Pilastro),Conto capitale,RDP_O,,,,,,,,,,,1,,,,1,,
20802,Mis.8.2 - Sostegno per l'impianto e il mantenimento di sistemi agroforestali,Aiuti UE allo sviluppo rurale (II Pilastro),Conto capitale,RDP_O,,,,,,,,,,,1,,,,1,,
20803,"Mis.8.3 - Sostegno prevenzione danni arrecati alle foreste da incendi, calamita naturali e catastrofici",Aiuti UE allo sviluppo rurale (II Pilastro),Conto capitale,RDP_O,,,,,,,,,,,1,,,,1,,
20805,Mis.8.5 - Aiuti per investimenti destinati ad accrescere la resilienza e il pregio ambientale delle foreste,Aiuti UE allo sviluppo rurale (II Pilastro),Conto capitale,RDP_O,,,,,,,,,,,1,,,,1,,
20806,"Mis.8.6 - Aiuti in tecnologie silvicole per la trasformazione, commercializzazione prodotti forestali",Aiuti UE allo sviluppo rurale (II Pilastro),Conto capitale,RDP_O,,,,,,,,,,,1,,,,1,,
21001,Mis.10.1 - Pagamento per impegni agro-climatico-ambientali,Aiuti UE allo sviluppo rurale (II Pilastro),Conto esercizio (premio),RDP_A,,,,,,1,,,,,,,,,1,1,
21002,"Mis.10.2 - Sostegno per conservazione, uso e sviluppo sostenibile risorse genetiche in agricoltura",Aiuti UE allo sviluppo rurale (II Pilastro),Conto esercizio (premio),RDP_A,,,,,,1,,,,,,,,,1,,
21101,Mis.11.1 - Auiti per l'adozione di pratiche e metodi di produzione biologica,Aiuti UE allo sviluppo rurale (II Pilastro),Conto esercizio (premio),RDP_A,,,,,,1,,,,,,,,,1,,1
21102,Mis.11.2 - Aiuti per il mantenimento di pratiche e metodi di produzione biologica,Aiuti UE allo sviluppo rurale (II Pilastro),Conto esercizio (premio),RDP_A,,,,,,1,,,,,,,,,1,,1
21201,Mis.12.1 - Pagamento compensativo per le zon agricole Natura 2000,Aiuti UE allo sviluppo rurale (II Pilastro),Conto esercizio (premio),RDP_A,,,,,,,,1,,,,,,,1,,
21202,Mis.12.2 - Pagamento compensativo per le zone forestali Natura 2000,Aiuti UE allo sviluppo rurale (II Pilastro),Conto esercizio (premio),RDP_A,,,,,,,,1,,,,,,,1,,
21203,Mis.12.3 - Pagamento compensativo per zone agricole incluse nei piani di gestione dei bacini idrografici,Aiuti UE allo sviluppo rurale (II Pilastro),Conto esercizio (premio),RDP_A,,,,,,,,1,,,,,,,1,,
21301,Mis.13.1 - Pagamento compensativo per le zone montane,Aiuti UE allo sviluppo rurale (II Pilastro),Conto esercizio (premio),RDP_A,,,,,,,1,,,,,,,,1,,
21302,Mis.13.2 - Pagamento compensativo per le altre zone soggette a vincoli naturali significativi,Aiuti UE allo sviluppo rurale (II Pilastro),Conto esercizio (premio),RDP_A,,,,,,,1,,,,,,,,1,,
21303,Mis.13.3 - Pagamento compensativo per le altre zone soggette a vincoli specifici,Aiuti UE allo sviluppo rurale (II Pilastro),Conto esercizio (premio),RDP_A,,,,,,,1,,,,,,,,1,,
21400,Mis.14 - Pagamento per il benessere degli animali,Aiuti UE allo sviluppo rurale (II Pilastro),Conto esercizio (premio),RDP_A,,,,,,,,,1,,,,,,1,,
21701,"Mis.17.1 - Premio assicurativo per il raccolto, gli animali e le piante",Aiuti UE allo sviluppo rurale (II Pilastro),Conto esercizio (premio),RDP_A,,,,,,,,,,1,,,,,1,,
21702,"Mis.17.2 - fondi di mutualizzazione avversita atmosferiche, epizoozie, fitopatie, infestazioni parassitarie",Aiuti UE allo sviluppo rurale (II Pilastro),Conto esercizio (premio),RDP_A,,,,,,,,,,1,,,,,1,,
21703,Mis.17.3 - Strumento stabilizzazione del reddito,Aiuti UE allo sviluppo rurale (II Pilastro),Conto esercizio (premio),RDP_A,,,,,,,,,,1,,,,,1,,
21902,Mis.19.2 - Sostegno all'esecuzione degli interventi nell'ambito della strategia SLTP,Aiuti UE allo sviluppo rurale (II Pilastro),Conto esercizio (premio),RDP_A,,,,,,,,,,1,,,,,1,,
21904,Mis.19.4 - Sostegno ai costi di gestione e animazione,Aiuti UE allo sviluppo rurale (II Pilastro),Conto esercizio (premio),RDP_A,,,,,,,,,,1,,,,,1,,
221001,Contributo libro genealogico e controlli funzionali,Aiuti di Stato (compresi regionali e locali),Conto esercizio (premio),ASTATO,1,,,,,,,,,,,,,,1,,
221002,Contributo piano carni,Aiuti di Stato (compresi regionali e locali),Conto esercizio (premio),ASTATO,1,,,,,,,,,,,,,,1,,
221003,Controlli sanitari e di qualita' sui prodotti zootecnici,Aiuti di Stato (compresi regionali e locali),Conto esercizio (premio),ASTATO,1,,,,,,,,,,,,,,1,,
221004,Interventi sanitari per bestiame,Aiuti di Stato (compresi regionali e locali),Conto esercizio (premio),ASTATO,1,,,,,,,,,,,,,,1,,
221005,Acquisto bestiame e riproduttori,Aiuti di Stato (compresi regionali e locali),Conto capitale,ASTATO,,1,,,,,,,,,,,,,1,,
221006,Assicurazione bestiame,Aiuti di Stato (compresi regionali e locali),N.D.,ASTATO,1,,,,,,,,,,,,,,1,,
221007,Concorsi bestiame,Aiuti di Stato (compresi regionali e locali),N.D.,ASTATO,1,,,,,,,,,,,,,,1,,
221008,Rassegne bestiame,Aiuti di Stato (compresi regionali e locali),N.D.,ASTATO,1,,,,,,,,,,,,,,1,,
221009,Informazione statistica (contabilita'),Aiuti di Stato (compresi regionali e locali),Conto esercizio (premio),ASTATO,1,,,,,,,,,,,,,,1,,
221010,Incentivazione attivita turistica,Aiuti di Stato (compresi regionali e locali),Conto esercizio (premio),ASTATO,1,,,,,,,,,,,,,,1,,
221011,Acquisto materiale informatico,Aiuti di Stato (compresi regionali e locali),Conto capitale,ASTATO,,1,,,,,,,,,,,,,1,,
221012,Acquisto terreni,Aiuti di Stato (compresi regionali e locali),Conto capitale,ASTATO,,1,,,,,,,,,,,,,1,,
221013,Attrezzature e macchinari,Aiuti di Stato (compresi regionali e locali),Conto capitale,ASTATO,,1,,,,,,,,,,,,,1,,
221014,Costruzione nuovi fabbricati rurali,Aiuti di Stato (compresi regionali e locali),Conto capitale,ASTATO,,1,,,,,,,,,,,,,1,,
221017,Conservazione fabbricati rurali alta quota,Aiuti di Stato (compresi regionali e locali),Conto capitale,ASTATO,,1,,,,,,,,,,,,,1,,
221019,Conservazione del paesaggio,Aiuti di Stato (compresi regionali e locali),Conto capitale,ASTATO,,1,,,,,,,,,,,,,1,,
221021,Ricomposizione fondiaria - costi amministrativi,Aiuti di Stato (compresi regionali e locali),Conto capitale,ASTATO,,1,,,,,,,,,,,,,1,,
221022,Aiuti fitopatie/infestazioni,Aiuti di Stato (compresi regionali e locali),Conto esercizio (premio),ASTATO,1,,,,,,,,,,,,,,1,,
221023,Avversita' atmosferiche - danni a edifici,Aiuti di Stato (compresi regionali e locali),Conto esercizio (premio),ASTATO,1,,,,,,,,,,,,,,1,,
221025,Avversita' atmosferiche danni piante/animali,Aiuti di Stato (compresi regionali e locali),Conto esercizio (premio),ASTATO,1,,,,,,,,,,,,,,1,,
221026,Aiuti pagamenti premi assicurativi,Aiuti di Stato (compresi regionali e locali),Conto esercizio (premio),ASTATO,1,,,,,,,,,,,,,,1,,
221027,Aiuti per spese progettazione,Aiuti di Stato (compresi regionali e locali),Conto capitale,ASTATO,,1,,,,,,,,,,,,,1,,
221028,Aiuti promozione e preparazione prodotti,Aiuti di Stato (compresi regionali e locali),Conto esercizio (premio),ASTATO,1,,,,,,,,,,,,,,1,,
221030,Aiuti formazione imprenditore agricoli,Aiuti di Stato (compresi regionali e locali),Conto esercizio (premio),ASTATO,1,,,,,,,,,,,,,,1,,
221031,Aiuti misure obbligatorie controllo,Aiuti di Stato (compresi regionali e locali),Conto esercizio (premio),ASTATO,1,,,,,,,,,,,,,,1,,
221034,Assicurazione qualita' prodotti,Aiuti di Stato (compresi regionali e locali),Conto esercizio (premio),ASTATO,1,,,,,,,,,,,,,,1,,
221035,Consulenze tecniche,Aiuti di Stato (compresi regionali e locali),Conto esercizio (premio),ASTATO,1,,,,,,,,,,,,,,1,,
221036,Partecipazione fiere e mostre,Aiuti di Stato (compresi regionali e locali),Conto esercizio (premio),ASTATO,1,,,,,,,,,,,,,,1,,
221039,Assistenza tecnica trasformazione e commercializzazione,Aiuti di Stato (compresi regionali e locali),Conto esercizio (premio),ASTATO,1,,,,,,,,,,,,,,1,,
221041,Animazione sociale e culturale,Aiuti di Stato (compresi regionali e locali),Conto esercizio (premio),ASTATO,1,,,,,,,,,,,,,,1,,
221042,Tutela e riqualificazione patrimonio rurale,Aiuti di Stato (compresi regionali e locali),Conto capitale,ASTATO,,1,,,,,,,,,,,,,1,,
221043,Incentivi per la rimozione e la distruzione dei capi deceduti,Aiuti di Stato (compresi regionali e locali),Conto esercizio (premio),ASTATO,1,,,,,,,,,,,,,,1,,
221044,Interventi sanitari bestiami interesse zootecnico,Aiuti di Stato (compresi regionali e locali),Conto esercizio (premio),ASTATO,1,,,,,,,,,,,,,,1,,
221045,Azioni promozionali prodotti zootecnici,Aiuti di Stato (compresi regionali e locali),Conto esercizio (premio),ASTATO,1,,,,,,,,,,,,,,1,,
221046,"Qualita' genetica, resa bestiame e riproduzione",Aiuti di Stato (compresi regionali e locali),Conto esercizio (premio),ASTATO,1,,,,,,,,,,,,,,1,,
221047,Metodi e tecniche innovative riproduzione bestiame,Aiuti di Stato (compresi regionali e locali),Conto esercizio (premio),ASTATO,1,,,,,,,,,,,,,,1,,
221049,Assistenza tecnica,Aiuti di Stato (compresi regionali e locali),Conto esercizio (premio),ASTATO,1,,,,,,,,,,,,,,1,,
222002,Progr.Operativo Prov.: acquisto bestiame (LR 17/99- LR 63/78),Aiuti di Stato (compresi regionali e locali),Conto capitale,ASTATO,,1,,,,,,,,,,,,,1,,
222003,Progr.Operativo Prov.: sostituzione capi infetti (LR 17/99- LR 63/78),Aiuti di Stato (compresi regionali e locali),Conto esercizio (premio),ASTATO,1,,,,,,,,,,,,,,1,,
222005,"Progr.Operativo Prov.: colture pregiate, piccoli frutti    (LR 17/99- LR 63/78)",Aiuti di Stato (compresi regionali e locali),Conto capitale,ASTATO,,1,,,,,,,,,,,,,1,,
222007,Progr.Operativo Prov.: infrastrutture rurali (LR 17/99- LR 63/78),Aiuti di Stato (compresi regionali e locali),Conto capitale,ASTATO,,1,,,,,,,,,,,,,1,,
222008,Progr.Operativo Prov.: riordino fondiarario (LR 17/99- LR 63/78)),Aiuti di Stato (compresi regionali e locali),N.D.,ASTATO,1,,,,,,,,,,,,,,1,,
222011,Progr.Operativo Prov.: investimenti agricoli (LR 17/99-1257/99),Aiuti di Stato (compresi regionali e locali),Conto capitale,ASTATO,,1,,,,,,,,,,,,,1,,
222012,Smaltimento rifiuti origine animale (LR 11/2001),Aiuti di Stato (compresi regionali e locali),Conto esercizio (premio),ASTATO,1,,,,,,,,,,,,,,1,,
222013,Progr.Operativo Prov.:insediamento giovani (LR 17/99- LR 63/78),Aiuti di Stato (compresi regionali e locali),Conto esercizio (premio),ASTATO,1,,,,,,,,,,,,,,1,,
222014,Distretti e strade del vino del Piemonte (LR 20/99),Aiuti di Stato (compresi regionali e locali),Conto capitale,ASTATO,,1,,,,,,,,,,,,,1,,
222016,Tutela e sviluppo dell'apicoltura (LR 20/1998),Aiuti di Stato (compresi regionali e locali),Conto capitale,ASTATO,,1,,,,,,,,,,,,,1,,
222061,Regime di aiuto a favore di imprese attive nel settore agricolo - Unioncamere (241/2001),Aiuti di Stato (compresi regionali e locali),Conto capitale,ASTATO,,1,,,,,,,,,,,,,1,,
230002,Miglioramento trasformazione prodotti agricoli,Aiuti di Stato (compresi regionali e locali),Conto esercizio (premio),ASTATO,1,,,,,,,,,,,,,,1,,
230003,Indennita' compensativa zone montane,Aiuti di Stato (compresi regionali e locali),Conto esercizio (premio),ASTATO,1,,,,,,,,,,,,,,1,,
230004,Opere minori di bonifica di competenza dei privati,Aiuti di Stato (compresi regionali e locali),Conto capitale,ASTATO,,1,,,,,,,,,,,,,1,,
230005,Interventi regionali in agricoltura,Aiuti di Stato (compresi regionali e locali),Conto capitale,ASTATO,,1,,,,,,,,,,,,,1,,
230006,Aiuti per la gestione dei reflui agricoli e zootecnici,Aiuti di Stato (compresi regionali e locali),Conto esercizio (premio),ASTATO,1,,,,,,,,,,,,,,1,,
230008,Promozione dei prodotti agricoli,Aiuti di Stato (compresi regionali e locali),Conto esercizio (premio),ASTATO,1,,,,,,,,,,,,,,1,,
230009,Aiuti a aziende agricole nelle aree regionali protette,Aiuti di Stato (compresi regionali e locali),Conto esercizio (premio),ASTATO,1,,,,,,,,,,,,,,1,,
241001,Indennizzo danni selvaggina,Aiuti di Stato (compresi regionali e locali),Conto esercizio (premio),ASTATO,1,,,,,,,,,,,,,,1,,
241002,Prevenzione danni selvaggina,Aiuti di Stato (compresi regionali e locali),Conto capitale,ASTATO,,1,,,,,,,,,,,,,1,,
241004,Contributo per la zootecnia,Aiuti di Stato (compresi regionali e locali),Conto capitale,ASTATO,,1,,,,,,,,,,,,,1,,
241005,Opere collettive di miglioramento fondiario,Aiuti di Stato (compresi regionali e locali),Conto capitale,ASTATO,,1,,,,,,,,,,,,,1,,
241007,Prevenzione controllo eradicazione proliferazione del melo,Aiuti di Stato (compresi regionali e locali),Conto capitale,ASTATO,,1,,,,,,,,,,,,,1,,
241008,Aiuti provinciali antigrandine,Aiuti di Stato (compresi regionali e locali),Conto esercizio (premio),ASTATO,1,,,,,,,,,,,,,,1,,
242002,Acquisto impianti zootecnia latte,Aiuti di Stato (compresi regionali e locali),Conto capitale,ASTATO,,1,,,,,,,,,,,,,1,,
242004,Contributo fondo di solidarieta',Aiuti di Stato (compresi regionali e locali),Conto capitale,ASTATO,,1,,,,,,,,,,,,,1,,
242005,Contributo INPS,Aiuti di Stato (compresi regionali e locali),Conto esercizio (premio),ASTATO,1,,,,,,,,,,,,,,1,,
242007,Credito agevolato acquisto macchine,Aiuti di Stato (compresi regionali e locali),Conto capitale,ASTATO,,1,,,,,,,,,,,,,1,,
242009,Premi danni da selvaggina,Aiuti di Stato (compresi regionali e locali),Conto esercizio (premio),ASTATO,1,,,,,,,,,,,,,,1,,
242010,Premi impianti di protezione da selvaggina,Aiuti di Stato (compresi regionali e locali),Conto esercizio (premio),ASTATO,1,,,,,,,,,,,,,,1,,
242011,Premi impianti piccoli frutti,Aiuti di Stato (compresi regionali e locali),Conto capitale,ASTATO,,1,,,,,,,,,,,,,1,,
242012,Premi impianti viticoli,Aiuti di Stato (compresi regionali e locali),Conto capitale,ASTATO,,1,,,,,,,,,,,,,1,,
242013,Premio acquisto macchine agricole,Aiuti di Stato (compresi regionali e locali),Conto capitale,ASTATO,,1,,,,,,,,,,,,,1,,
242014,Aiuti per le spese di certificazione agricoltura biologica,Aiuti di Stato (compresi regionali e locali),Conto esercizio (premio),ASTATO,1,,,,,,,,,,,,,,1,,
242015,Incentivazione all'ediliza in agricoltura,Aiuti di Stato (compresi regionali e locali),Conto capitale,ASTATO,,1,,,,,,,,,,,,,1,,
242016,Premio per agriturismo ,Aiuti di Stato (compresi regionali e locali),Conto capitale,ASTATO,,1,,,,,,,,,,,,,1,,
242017,Sussidi in casi di emergenza,Aiuti di Stato (compresi regionali e locali),Conto esercizio (premio),ASTATO,1,,,,,,,,,,,,,,1,,
242019,Premio per miglioramenti fondiari,Aiuti di Stato (compresi regionali e locali),Conto capitale,ASTATO,,1,,,,,,,,,,,,,1,,
242020,Investimenti nelle imprese e nella trasformaz. dei prodotti agricoli,Aiuti di Stato (compresi regionali e locali),Conto capitale,ASTATO,,1,,,,,,,,,,,,,1,,
242021,Miglioramento produzione vegetale,Aiuti di Stato (compresi regionali e locali),Conto esercizio (premio),ASTATO,1,,,,,,,,,,,,,,1,,
242024,Aiuti a favore di impegni per il benessere animale nel settore bovino e equino,Aiuti di Stato (compresi regionali e locali),Conto esercizio (premio),ASTATO,1,,,,,,,,,,,,,,1,,
242025,Aiuti per il pagamento di premi assicurativi nel settore zootecnico,Aiuti di Stato (compresi regionali e locali),Conto esercizio (premio),ASTATO,1,,,,,,,,,,,,,,1,,
243001,Ristrutturazione e riconversione viticola,Aiuti di Stato (compresi regionali e locali),N.D.,ASTATO,1,,,,,,,,,,,,,,1,,
243003,Sviluppo agricoltura di montagna,Aiuti di Stato (compresi regionali e locali),Conto capitale,ASTATO,,1,,,,,,,,,,,,,1,,
243005,Valorizzazione produzioni agricole,Aiuti di Stato (compresi regionali e locali),Conto capitale,ASTATO,,1,,,,,,,,,,,,,1,,
243007,Miglioramento patrimonio zootecnico,Aiuti di Stato (compresi regionali e locali),N.D.,ASTATO,1,,,,,,,,,,,,,,1,,
243009,Tutela e valorizzazione produzioni agroalimantari di qualita',Aiuti di Stato (compresi regionali e locali),Conto esercizio (premio),ASTATO,1,,,,,,,,,,,,,,1,,
243010,Interventi per aziende avicole colpite da influenza aviaria,Aiuti di Stato (compresi regionali e locali),Conto esercizio (premio),ASTATO,1,,,,,,,,,,,,,,1,,
243011,Aiuti agli investimenti nelle aziende agricole,Aiuti di Stato (compresi regionali e locali),Conto capitale,ASTATO,,1,,,,,,,,,,,,,1,,
243012,Consolidamento e sviluppo dell'agricoltura di montagna,Aiuti di Stato (compresi regionali e locali),Conto capitale,ASTATO,,1,,,,,,,,,,,,,1,,
243061,Regime di aiuto a favore di imprese attive nel settore agricolo - Unioncamere (241/2001),Aiuti di Stato (compresi regionali e locali),Conto capitale,ASTATO,,1,,,,,,,,,,,,,1,,
244002,Contributi in materia di innovazione,Aiuti di Stato (compresi regionali e locali),Conto capitale,ASTATO,,1,,,,,,,,,,,,,1,,
244005,Aiuti all'innovazione in agricoltura,Aiuti di Stato (compresi regionali e locali),N.D.,ASTATO,1,,,,,,,,,,,,,,1,,
244006,Aiuti per la ristrutturazione fondiaria delle aziende agricole,Aiuti di Stato (compresi regionali e locali),Conto capitale,ASTATO,,1,,,,,,,,,,,,,1,,
244010,Misure per il concorso della copertura assicurativa dei rischi agricoli,Aiuti di Stato (compresi regionali e locali),Conto capitale,ASTATO,,1,,,,,,,,,,,,,1,,
250001,Procedure concessione aiuti attivita' agrituristiche,Aiuti di Stato (compresi regionali e locali),Conto capitale,ASTATO,,1,,,,,,,,,,,,,1,,
260003,Interventi per  lo sviluppo dei sistemi agroalimentari,Aiuti di Stato (compresi regionali e locali),Conto capitale,ASTATO,,1,,,,,,,,,,,,,1,,
260004,Incentivazione dell'uso della fertilizzazione organica  - tutela della qualita' sui suoli agricoli,Aiuti di Stato (compresi regionali e locali),Conto esercizio (premio),ASTATO,1,,,,,,,,,,,,,,1,,
260005,Interventi per lo sviluppo dei sistemi di rintracciabilita' nel settore agroalimentare,Aiuti di Stato (compresi regionali e locali),Conto esercizio (premio),ASTATO,1,,,,,,,,,,,,,,1,,
270001,Aiuto attivita di servizio e di supporto,Aiuti di Stato (compresi regionali e locali),Conto capitale,ASTATO,,1,,,,,,,,,,,,,1,,
270004,Piano sorveglianza e sierologica Blue Tongue,Aiuti di Stato (compresi regionali e locali),Conto esercizio (premio),ASTATO,1,,,,,,,,,,,,,,1,,
270005,Rimozione e distruzione animali morti in azienda,Aiuti di Stato (compresi regionali e locali),Conto esercizio (premio),ASTATO,1,,,,,,,,,,,,,,1,,
270006,P.z.r.Mis.1.b: investimenti strutturali allevamenti ovino/bovino carne,Aiuti di Stato (compresi regionali e locali),Conto capitale,ASTATO,,1,,,,,,,,,,,,,1,,
270007,P.Z.R. Mis.1.c: investimenti per i pascoli,Aiuti di Stato (compresi regionali e locali),Conto capitale,ASTATO,,1,,,,,,,,,,,,,1,,
270008,P.z.r.Mis.4.a: avvicendamento colture miglioratrici,Aiuti di Stato (compresi regionali e locali),Conto esercizio (premio),ASTATO,1,,,,,,,,,,,,,,1,,
270009,P.z.r.Mis.4.b: pascoli estensivi,Aiuti di Stato (compresi regionali e locali),Conto esercizio (premio),ASTATO,1,,,,,,,,,,,,,,1,,
270010,Piano zoot.reg.Mis.1.a: miglioramento strutture prod/trasf. latte,Aiuti di Stato (compresi regionali e locali),Conto capitale,ASTATO,,1,,,,,,,,,,,,,1,,
270011,Controllo e certificazione aziende biologiche,Aiuti di Stato (compresi regionali e locali),Conto esercizio (premio),ASTATO,1,,,,,,,,,,,,,,1,,
270013,Servizi di assistenza produzioni animali,Aiuti di Stato (compresi regionali e locali),Conto esercizio (premio),ASTATO,1,,,,,,,,,,,,,,1,,
270014,Servizi di assistenza produzioni vegetali,Aiuti di Stato (compresi regionali e locali),Conto esercizio (premio),ASTATO,1,,,,,,,,,,,,,,1,,
270015,Servizi di consulenza specialistica,Aiuti di Stato (compresi regionali e locali),Conto esercizio (premio),ASTATO,1,,,,,,,,,,,,,,1,,
270017,Riconversione delle produzioni agricole al biologico,Aiuti di Stato (compresi regionali e locali),Conto esercizio (premio),ASTATO,1,,,,,,,,,,,,,,1,,
270018,Tutela e valorizzazione del patrimonio di razze e varieta' locali di interesse zootecnico,Aiuti di Stato (compresi regionali e locali),Conto esercizio (premio),ASTATO,1,,,,,,,,,,,,,,1,,
270019,Tutela del patrimonio zootecnico soggetto a predazione (realizzazione di investimenti),Aiuti di Stato (compresi regionali e locali),Conto capitale,ASTATO,,1,,,,,,,,,,,,,1,,
270020,Tutela del patrimonio zootecnico soggetto a predazione (pagamento di premi assicurativi),Aiuti di Stato (compresi regionali e locali),Conto esercizio (premio),ASTATO,1,,,,,,,,,,,,,,1,,
270022,Azione A.1 - Attivazione  metodi e tecnologie miglioramento sistema di controllo e certificazione,Aiuti di Stato (compresi regionali e locali),Conto esercizio (premio),ASTATO,1,,,,,,,,,,,,,,1,,
270024,Azione B - Interventi per il miglioramento della qualita' e della sicurezza nelle filiere,Aiuti di Stato (compresi regionali e locali),Conto capitale,ASTATO,,1,,,,,,,,,,,,,1,,
270025,Interventi per la rimozione e alla distruzione degli animali morti in azienda,Aiuti di Stato (compresi regionali e locali),Conto esercizio (premio),ASTATO,1,,,,,,,,,,,,,,1,,
281004,Interventi regionali nel settore della zootecnia,Aiuti di Stato (compresi regionali e locali),Conto capitale,ASTATO,,1,,,,,,,,,,,,,1,,
291001,Aiuti pagamento premi assicurativi per perdite causate da avverse condizioni atmosferiche,Aiuti di Stato (compresi regionali e locali),Conto esercizio (premio),ASTATO,1,,,,,,,,,,,,,,1,,
292003,"Interventi per aziende zootecniche - emergenze zootecniche, sanitarie e veterinarie",Aiuti di Stato (compresi regionali e locali),Conto esercizio (premio),ASTATO,1,,,,,,,,,,,,,,1,,
292005,Indennizzo alle aziende agricole per i danni causati dalla fauna selvatica,Aiuti di Stato (compresi regionali e locali),Conto esercizio (premio),ASTATO,1,,,,,,,,,,,,,,1,,
301002,Aiuto agli allevatori per lo smaltimento delle carcasse,Aiuti di Stato (compresi regionali e locali),Conto esercizio (premio),ASTATO,1,,,,,,,,,,,,,,1,,
301008,Oneri per danni da calamita' atmosferiche. Epizoozie,Aiuti di Stato (compresi regionali e locali),Conto esercizio (premio),ASTATO,1,,,,,,,,,,,,,,1,,
301011,Contributi per danni prodotti dalla selvaggina stanziale,Aiuti di Stato (compresi regionali e locali),Conto esercizio (premio),ASTATO,1,,,,,,,,,,,,,,1,,
301012,Contributi conduttori per utilizzo di terreni agricoli  a uso venatorio,Aiuti di Stato (compresi regionali e locali),Conto esercizio (premio),ASTATO,1,,,,,,,,,,,,,,1,,
302001,Indennizzi ad aziende agricole danneggiate da calamita' naturali,Aiuti di Stato (compresi regionali e locali),Conto esercizio (premio),ASTATO,1,,,,,,,,,,,,,,1,,
302005,Emergenze zootecniche,Aiuti di Stato (compresi regionali e locali),Conto esercizio (premio),ASTATO,1,,,,,,,,,,,,,,1,,
302006,Incentivazione di interventi per le emergenze fitosanitarie conclamate,Aiuti di Stato (compresi regionali e locali),Conto esercizio (premio),ASTATO,1,,,,,,,,,,,,,,1,,
302008,Interventi per fronteggiare emergenze nel settore agricolo,Aiuti di Stato (compresi regionali e locali),Conto capitale,ASTATO,,1,,,,,,,,,,,,,1,,
302010,Contributi potenziamento strutture collettive valorizzazione prodotti agricolie e zootecnici,Aiuti di Stato (compresi regionali e locali),Conto capitale,ASTATO,,1,,,,,,,,,,,,,1,,
302012,Attuazione interventi strutturali e prevenzione per ovini infezione Blue Tongue,Aiuti di Stato (compresi regionali e locali),Conto capitale,ASTATO,,1,,,,,,,,,,,,,1,,
303002,Produzione di qualita',Aiuti di Stato (compresi regionali e locali),Conto esercizio (premio),ASTATO,1,,,,,,,,,,,,,,1,,
303003,Interventi negli allevamenti colpiti dalla malattia detta della Lingua Blu,Aiuti di Stato (compresi regionali e locali),Conto esercizio (premio),ASTATO,1,,,,,,,,,,,,,,1,,
311001,Contributo smaltimento carcasse bovini/ovini,Aiuti di Stato (compresi regionali e locali),Conto esercizio (premio),ASTATO,1,,,,,,,,,,,,,,1,,
311003,Calamita' atmosferiche- assicurazione agevolata produzioni e strutture,Aiuti di Stato (compresi regionali e locali),Conto esercizio (premio),ASTATO,1,,,,,,,,,,,,,,1,,
311004,Indennizzo danni da selvaggina,Aiuti di Stato (compresi regionali e locali),Conto esercizio (premio),ASTATO,1,,,,,,,,,,,,,,1,,
312001,Norme in materia di aiuti alle piccole e medie imprese agricole,Aiuti di Stato (compresi regionali e locali),N.D.,ASTATO,1,,,,,,,,,,,,,,1,,
320001,Interventi per le imprese del settore zootecnico (influenza catarrale dei ruminanti/blue tongue),Aiuti di Stato (compresi regionali e locali),Conto esercizio (premio),ASTATO,1,,,,,,,,,,,,,,1,,
320002,Interventi qualificare settore vitivinicolo - finalita' previste Azione F1a PSR Sicilia 2000-2006,Aiuti di Stato (compresi regionali e locali),Conto esercizio (premio),ASTATO,1,,,,,,,,,,,,,,1,,
320003,Aiuti al settore vitivinicolo. Istituzione delle strade e delle rotte del vino,Aiuti di Stato (compresi regionali e locali),Conto capitale,ASTATO,,1,,,,,,,,,,,,,1,,
320051,Interventi per l'agrumicoltura italiana (560/1999),Aiuti di Stato (compresi regionali e locali),Conto esercizio (premio),ASTATO,1,,,,,,,,,,,,,,1,,
330003,Aiuti agli investimenti nelle aziende agricole,Aiuti di Stato (compresi regionali e locali),Conto capitale,ASTATO,,1,,,,,,,,,,,,,1,,
330005,Aiuti destinati ad indennizzare le zone agricole danneggiate piogge alluvionali Dicembre 2004,Aiuti di Stato (compresi regionali e locali),Conto esercizio (premio),ASTATO,1,,,,,,,,,,,,,,1,,
330008,Interventi urgenti in favore dell'agricoltura,Aiuti di Stato (compresi regionali e locali),N.D.,ASTATO,1,,,,,,,,,,,,,,1,,
330012,Interventi contributivi a favore delle aziende agricole danneggiate dalle gelate,Aiuti di Stato (compresi regionali e locali),Conto esercizio (premio),ASTATO,1,,,,,,,,,,,,,,1,,
330051,Interventi per l'agrumicoltura italiana (560/1999),Aiuti di Stato (compresi regionali e locali),Conto esercizio (premio),ASTATO,1,,,,,,,,,,,,,,1,,
0213,,,Conto esercizio (premio),DDP,,,,1,,,,,,,,,,,1,,
0218,,,Conto esercizio (premio),DDP,,,,1,,,,,,,,,,,1,,
0220,,,Conto esercizio (premio),DDP,,,,1,,,,,,,,,,,1,,
0543,,Seminativi e altri,Conto esercizio (premio),DDP,,,,1,,,,,,,,,,,1,,
20101,Mis.1.1 - Formazione Professionale e aquisizione competenze,Altre 2ø Pilastro,Conto esercizio (premio),RDP_A,,,,,,,,,,1,,,,,1,,
20202,"Mis.2.2 - Avviamento servizi consulenza, sostituzione e assistenza gest. az.",Altre 2ø Pilastro,Conto esercizio (premio),RDP_A,,,,,,,,,,1,,,,,1,,
20203,Mis.2.3 - Sostegno formazione consulenti,Altre 2ø Pilastro,Conto esercizio (premio),RDP_A,,,,,,,,,,1,,,,,1,,
20302,Mis.3.2 - AttivitÇÿ di informazione e promozione svolte da associazioni di produttori,Altre 2ø Pilastro,Conto esercizio (premio),RDP_A,,,,,,,,,,1,,,,,1,,
20522,,Altre 2ø Pilastro,Conto capitale,RDP_O,,,,,,,,,,,,,,,1,,
20602,Mis.6.2 - Aiuti all'avviamento di attivitÇÿ imprenditoriali per attivitÇÿ extra-agricole in zone rurali,Altre 2ø Pilastro,Conto esercizio (premio),RDP_A,,,,,,,,,,1,,,,,1,,
20603,Mis.6.3 - Aiuti all'avviamento di attivitÇÿ imprenditoriali per lo sviluppo di piccole aziende agricole,Altre 2ø Pilastro,Conto esercizio (premio),RDP_A,,,,,,,,,,1,,,,,1,,
20702,"Mis.7.2 - Aiuti per creazione, miglioramento e espansione di piccole infrastrutture, comprese rinnovabili",Altre 2ø Pilastro,Conto esercizio (premio),RDP_O,,,,,,,,,,,,,,,1,,
20708,Mis.7.8 - Altri,Altre 2ø Pilastro,Conto esercizio (premio),RDP_A,,,,,,,,,,1,1,,,,1,,
20807,,Altre 2ø Pilastro,Conto capitale,RDP_A,,,,,,,,,,,1,,,,1,,
20810,,Altre 2ø Pilastro,Conto capitale,RDP_A,,,,,,,,,,,,,,,1,,
21501,Mis.15.1 - Pagamento per impegni silvo-ambientali e impegni in materia di clima,Altre 2ø Pilastro,Conto esercizio (premio),RDP_A,,,,,,1,,,,,,,,,1,,
21502,Mis.15.2 - Sostegno per la salvaguardia e la valorizzazione delle risorse genetiche forestali,Altre 2ø Pilastro,Conto esercizio (premio),RDP_A,,,,,,1,,,,,1,,,,1,,
21601,Mis.16.1 - Costituzione e funzionamento gruppi operativi PEI per la produttivitÇÿ e sostenibilita agricola,Altre 2ø Pilastro,Conto esercizio (premio),RDP_O,,,,,,,,,,,1,,,,1,,
21602,"Mis.16.2 - Sostegno a progetti pilota e allo sviluppo di nuovi prodotti, pratiche,  processi e tecnologie",Altre 2ø Pilastro,Conto esercizio (premio),RDP_O,,,,,,,,,,,1,,,,1,,
21603,Mis.16.3 - Cooperazione piccoli produttori per organizzare lavori in comune e condividere impianti e risorse,Altre 2ø Pilastro,Conto esercizio (premio),RDP_O,,,,,,,,,,,1,,,,1,,
21604,"Mis.16.4 - Sostegno cooperazione di filiera, creazione e sviluppo di filiere corte e mercati locali",Altre 2ø Pilastro,Conto esercizio (premio),RDP_O,,,,,,,,,,,,,,,1,1,
21605,Mis.16.5 - Sostegno per mitigazione del cambiamanto climatico e adattamento ad esso,Altre 2ø Pilastro,Conto esercizio (premio),RDP_A,,,,,,1,,,,,1,,,,1,,
21606,Mis.16.6 - Sostegno alla cooperazione di filiera per l'approvvigionamento sistenibile di biomasse,Altre 2ø Pilastro,Conto esercizio (premio),RDP_O,,,,,,,,,,,,,,,1,,
21607,Mis.16.7 - Sostegno per strategie di sviluppo locale di tipo non partecipativo,Altre 2ø Pilastro,Conto esercizio (premio),RDP_A,,,,,,,,,,1,1,,,,1,,
21609,"Mis.16.9 - Aiuti per la diversificazione attivitÇÿ agricole riguardanti assistenza sanitaria, integrazione sociale",Altre 2ø Pilastro,Conto esercizio (premio),RDP_O,,,,,,,,,,,,,,,1,,
21610,Mis.16.10 - Altri,Altre 2ø Pilastro,Conto esercizio (premio),RDP_A,,,,,,,,,,1,,,,,1,,
21901,Mis.19.1 - Sostegno preparatorio,Altre 2ø Pilastro,Conto esercizio (premio),RDP_A,,,,,,,,,,1,,,,,1,,
21903,Mis.19.3 - Preparazione e realizzazione delle attivitÇÿ di coorperazione del gruppo di azione locale,Altre 2ø Pilastro,Conto esercizio (premio),RDP_A,,,,,,,,,,1,,,,,1,,
22101,,Altre 2ø Pilastro,Conto esercizio (premio),RDP_A,,,,,,,,,,1,,,,,1,,
221048,Smaltimento carcasse,Interventi regionali e altri,Conto esercizio (premio),ASTATO,1,,,,,,,,,,,,,,1,,
221088,,Interventi statali,Conto esercizio (premio),ASTATO,1,,,,,,,,,,,,,,1,,
221089,,Interventi regionali e altri,Conto esercizio (premio),ASTATO,1,,,,,,,,,,,,,,1,,
221090,,Interventi statali,Conto esercizio (premio),ASTATO,1,,,,,,,,,,,,,,1,,
221091,,Interventi statali,Conto capitale,ASTATO,1,,,,,,,,,,,,,,1,,
221093,,Interventi regionali e altri,Conto esercizio (premio),ASTATO,1,,,,,,,,,,,,,,1,,
221096,,Interventi statali,Conto esercizio (premio),ASTATO,1,,,,,,,,,,,,,,1,,
221097,,Interventi statali,Conto esercizio (premio),ASTATO,1,,,,,,,,,,,,,,1,,
221107,,Interventi statali,Conto esercizio (premio),ASTATO,1,,,,,,,,,,,,,,1,,
221109,,Interventi statali,Conto esercizio (premio),ASTATO,1,,,,,,,,,,,,,,1,,
221111,,Interventi regionali e altri,Conto esercizio (premio),ASTATO,1,,,,,,,,,,,,,,1,,
222001,Progr.Operativo Prov.: strutture allevamenti  (LR 17/99,Interventi regionali e altri,02,ASTATO,,1,,,,,,,,,,,,,1,,
222004,"Progr.Operativo Prov.: fecondazione artificiale, incorag., mostre  (LR 17/99",Interventi regionali e altri,01,ASTATO,1,,,,,,,,,,,,,,1,,
222081,,Interventi statali,Conto esercizio (premio),ASTATO,1,,,,,,,,,,,,,,1,,
222082,,Interventi statali,Conto esercizio (premio),ASTATO,1,,,,,,,,,,,,,,1,,
222083,,Interventi statali,Conto esercizio (premio),ASTATO,1,,,,,,,,,,,,,,1,,
222084,,Interventi statali,Conto esercizio (premio),ASTATO,1,,,,,,,,,,,,,,1,,
222085,,Interventi statali,Conto esercizio (premio),ASTATO,1,,,,,,,,,,,,,,1,,
222086,,Interventi statali,Conto esercizio (premio),ASTATO,1,,,,,,,,,,,,,,1,,
222087,,Interventi statali,Conto esercizio (premio),ASTATO,1,,,,,,,,,,,,,,1,,
222088,,Interventi statali,Conto esercizio (premio),ASTATO,1,,,,,,,,,,,,,,1,,
222089,,Interventi regionali e altri,Conto esercizio (premio),ASTATO,1,,,,,,,,,,,,,,1,,
222090,,Interventi statali,Conto esercizio (premio),ASTATO,1,,,,,,,,,,,,,,1,,
222091,,Interventi statali,Conto capitale,ASTATO,,1,,,,,,,,,,,,,1,,
222095,,Interventi statali,Conto esercizio (premio),ASTATO,1,,,,,,,,,,,,,,1,,
222096,,Interventi statali,Conto esercizio (premio),ASTATO,1,,,,,,,,,,,,,,1,,
222097,,Interventi statali,Conto esercizio (premio),ASTATO,1,,,,,,,,,,,,,,1,,
222100,,Interventi statali,Conto esercizio (premio),ASTATO,1,,,,,,,,,,,,,,1,,
222101,,Interventi statali,Conto esercizio (premio),ASTATO,1,,,,,,,,,,,,,,1,,
222103,,Interventi statali,Conto esercizio (premio),ASTATO,1,,,,,,,,,,,,,,1,,
222104,,Interventi statali,Conto esercizio (premio),ASTATO,1,,,,,,,,,,,,,,1,,
222107,,Interventi statali,Conto esercizio (premio),ASTATO,1,,,,,,,,,,,,,,1,,
222108,,Interventi statali,Conto esercizio (premio),ASTATO,1,,,,,,,,,,,,,,1,,
222109,,Interventi statali,Conto esercizio (premio),ASTATO,1,,,,,,,,,,,,,,1,,
230010,Azioni a sostegno degli allevamenti a seguito della BSE,Interventi regionali e altri,Conto esercizio (premio),ASTATO,1,,,,,,,,,,,,,,1,,
230080,,Interventi statali,Conto esercizio (premio),ASTATO,1,,,,,,,,,,,,,,1,,
230082,,Interventi statali,Conto esercizio (premio),ASTATO,1,,,,,,,,,,,,,,1,,
230085,,Interventi statali,Conto esercizio (premio),ASTATO,1,,,,,,,,,,,,,,1,,
230088,,Interventi statali,Conto esercizio (premio),ASTATO,1,,,,,,,,,,,,,,1,,
230089,,Interventi regionali e altri,Conto esercizio (premio),ASTATO,1,,,,,,,,,,,,,,1,,
230090,,Interventi statali,Conto esercizio (premio),ASTATO,1,,,,,,,,,,,,,,1,,
230091,,Interventi statali,Conto capitale,ASTATO,,1,,,,,,,,,,,,,1,,
230096,,Interventi statali,Conto esercizio (premio),ASTATO,1,,,,,,,,,,,,,,1,,
230097,,Interventi statali,Conto esercizio (premio),ASTATO,1,,,,,,,,,,,,,,1,,
230100,,Interventi statali,Conto esercizio (premio),ASTATO,1,,,,,,,,,,,,,,1,,
230102,,Interventi statali,Conto esercizio (premio),ASTATO,1,,,,,,,,,,,,,,1,,
230107,,Interventi statali,Conto esercizio (premio),ASTATO,1,,,,,,,,,,,,,,1,,
241088,,Interventi statali,Conto esercizio (premio),ASTATO,1,,,,,,,,,,,,,,1,,
241089,,Interventi regionali e altri,Conto esercizio (premio),ASTATO,1,,,,,,,,,,,,,,1,,
241091,,Interventi statali,Conto capitale,ASTATO,,1,,,,,,,,,,,,,1,,
241107,,Interventi statali,Conto esercizio (premio),ASTATO,1,,,,,,,,,,,,,,1,,
242088,,Interventi statali,Conto esercizio (premio),ASTATO,1,,,,,,,,,,,,,,1,,
242089,,Interventi regionali e altri,Conto esercizio (premio),ASTATO,1,,,,,,,,,,,,,,1,,
242090,,Interventi statali,Conto esercizio (premio),ASTATO,1,,,,,,,,,,,,,,1,,
242091,,Interventi statali,Conto capitale,ASTATO,,1,,,,,,,,,,,,,1,,
242107,,Interventi statali,Conto esercizio (premio),ASTATO,1,,,,,,,,,,,,,,1,,
243080,,Interventi statali,Conto esercizio (premio),ASTATO,1,,,,,,,,,,,,,,1,,
243081,,Interventi regionali e altri,Conto esercizio (premio),ASTATO,1,,,,,,,,,,,,,,1,,
243088,,Interventi statali,Conto esercizio (premio),ASTATO,1,,,,,,,,,,,,,,1,,
243089,,Interventi regionali e altri,Conto esercizio (premio),ASTATO,1,,,,,,,,,,,,,,1,,
243090,,Interventi statali,Conto esercizio (premio),ASTATO,1,,,,,,,,,,,,,,1,,
243091,,Interventi statali,Conto capitale,ASTATO,,1,,,,,,,,,,,,,1,,
243095,,Interventi statali,Conto esercizio (premio),ASTATO,1,,,,,,,,,,,,,,1,,
243096,,Interventi statali,Conto esercizio (premio),ASTATO,1,,,,,,,,,,,,,,1,,
243097,,Interventi statali,Conto esercizio (premio),ASTATO,1,,,,,,,,,,,,,,1,,
243100,,Interventi statali,Conto esercizio (premio),ASTATO,1,,,,,,,,,,,,,,1,,
243101,,Interventi statali,Conto esercizio (premio),ASTATO,1,,,,,,,,,,,,,,1,,
243105,,Interventi statali,Conto esercizio (premio),ASTATO,1,,,,,,,,,,,,,,1,,
243107,,Interventi statali,Conto esercizio (premio),ASTATO,1,,,,,,,,,,,,,,1,,
243108,,Interventi statali,Conto esercizio (premio),ASTATO,1,,,,,,,,,,,,,,1,,
243109,,Interventi statali,Conto esercizio (premio),ASTATO,1,,,,,,,,,,,,,,1,,
243112,,Interventi statali,Conto esercizio (premio),ASTATO,1,,,,,,,,,,,,,,1,,
244004,Ricomposizione fondiaria,Interventi regionali e altri,Conto capitale,ASTATO,,1,,,,,,,,,,,,,1,,
244080,,Interventi statali,Conto esercizio (premio),ASTATO,1,,,,,,,,,,,,,,1,,
244081,,Interventi statali,Conto esercizio (premio),ASTATO,1,,,,,,,,,,,,,,1,,
244082,,Interventi statali,Conto esercizio (premio),ASTATO,1,,,,,,,,,,,,,,1,,
244084,,Interventi statali,Conto esercizio (premio),ASTATO,1,,,,,,,,,,,,,,1,,
244085,,Interventi statali,Conto esercizio (premio),ASTATO,1,,,,,,,,,,,,,,1,,
244087,,Interventi statali,Conto esercizio (premio),ASTATO,1,,,,,,,,,,,,,,1,,
244088,,Interventi statali,Conto esercizio (premio),ASTATO,1,,,,,,,,,,,,,,1,,
244089,,Interventi regionali e altri,Conto esercizio (premio),ASTATO,1,,,,,,,,,,,,,,1,,
244090,,Interventi statali,Conto esercizio (premio),ASTATO,1,,,,,,,,,,,,,,1,,
244097,,Interventi statali,Conto esercizio (premio),ASTATO,1,,,,,,,,,,,,,,1,,
244100,,Interventi statali,Conto esercizio (premio),ASTATO,1,,,,,,,,,,,,,,1,,
244103,,Interventi statali,Conto esercizio (premio),ASTATO,1,,,,,,,,,,,,,,1,,
244105,,Interventi statali,Conto esercizio (premio),ASTATO,1,,,,,,,,,,,,,,1,,
244107,,Interventi statali,Conto esercizio (premio),ASTATO,1,,,,,,,,,,,,,,1,,
244109,,Interventi statali,Conto esercizio (premio),ASTATO,1,,,,,,,,,,,,,,1,,
250088,,Interventi statali,Conto esercizio (premio),ASTATO,1,,,,,,,,,,,,,,1,,
250089,,Interventi regionali e altri,Conto esercizio (premio),ASTATO,1,,,,,,,,,,,,,,1,,
260080,,Interventi statali,Conto esercizio (premio),ASTATO,1,,,,,,,,,,,,,,1,,
260082,,Interventi statali,Conto esercizio (premio),ASTATO,1,,,,,,,,,,,,,,1,,
260088,,Interventi statali,Conto esercizio (premio),ASTATO,1,,,,,,,,,,,,,,1,,
260089,,Interventi regionali e altri,Conto esercizio (premio),ASTATO,1,,,,,,,,,,,,,,1,,
260090,,Interventi statali,Conto esercizio (premio),ASTATO,1,,,,,,,,,,,,,,1,,
270002,Aiuto per progetti valorizzazione (ex L.9/97),Interventi regionali e altri,Conto capitale,ASTATO,,1,,,,,,,,,,,,,1,,
270080,,Interventi statali,Conto esercizio (premio),ASTATO,1,,,,,,,,,,,,,,1,,
270088,,Interventi statali,Conto esercizio (premio),ASTATO,1,,,,,,,,,,,,,,1,,
270089,,Interventi regionali e altri,Conto esercizio (premio),ASTATO,1,,,,,,,,,,,,,,1,,
270090,,Interventi statali,Conto esercizio (premio),ASTATO,1,,,,,,,,,,,,,,1,,
270103,,Interventi statali,Conto esercizio (premio),ASTATO,1,,,,,,,,,,,,,,1,,
270108,,Interventi statali,Conto esercizio (premio),ASTATO,1,,,,,,,,,,,,,,1,,
281080,,Interventi statali,Conto esercizio (premio),ASTATO,1,,,,,,,,,,,,,,1,,
281082,,Interventi statali,Conto esercizio (premio),ASTATO,1,,,,,,,,,,,,,,1,,
281087,,Interventi statali,Conto esercizio (premio),ASTATO,1,,,,,,,,,,,,,,1,,
281088,,Interventi statali,Conto esercizio (premio),ASTATO,1,,,,,,,,,,,,,,1,,
281089,,Interventi regionali e altri,Conto esercizio (premio),ASTATO,1,,,,,,,,,,,,,,1,,
281090,,Interventi statali,Conto esercizio (premio),ASTATO,1,,,,,,,,,,,,,,1,,
281091,,Interventi statali,Conto capitale,ASTATO,,1,,,,,,,,,,,,,1,,
281103,,Interventi statali,Conto esercizio (premio),ASTATO,1,,,,,,,,,,,,,,1,,
282001,Danni fauna selvatica,Interventi regionali e altri,Conto esercizio (premio),ASTATO,1,,,,,,,,,,,,,,1,,
282080,,Interventi statali,Conto esercizio (premio),ASTATO,1,,,,,,,,,,,,,,1,,
282081,,Interventi statali,Conto esercizio (premio),ASTATO,1,,,,,,,,,,,,,,1,,
282082,,Interventi statali,Conto esercizio (premio),ASTATO,1,,,,,,,,,,,,,,1,,
282084,,Interventi statali,Conto esercizio (premio),ASTATO,1,,,,,,,,,,,,,,1,,
282085,,Interventi statali,Conto esercizio (premio),ASTATO,1,,,,,,,,,,,,,,1,,
282086,,Interventi statali,Conto esercizio (premio),ASTATO,1,,,,,,,,,,,,,,1,,
282087,,Interventi statali,Conto esercizio (premio),ASTATO,1,,,,,,,,,,,,,,1,,
282088,,Interventi statali,Conto esercizio (premio),ASTATO,1,,,,,,,,,,,,,,1,,
282089,,Interventi regionali e altri,Conto esercizio (premio),ASTATO,1,,,,,,,,,,,,,,1,,
282090,,Interventi statali,Conto esercizio (premio),ASTATO,1,,,,,,,,,,,,,,1,,
282097,,Interventi statali,Conto esercizio (premio),ASTATO,1,,,,,,,,,,,,,,1,,
282100,,Interventi statali,Conto esercizio (premio),ASTATO,1,,,,,,,,,,,,,,1,,
282102,,Interventi statali,Conto esercizio (premio),ASTATO,1,,,,,,,,,,,,,,1,,
282103,,Interventi statali,Conto esercizio (premio),ASTATO,1,,,,,,,,,,,,,,1,,
282105,,Interventi statali,Conto esercizio (premio),ASTATO,1,,,,,,,,,,,,,,1,,
282107,,Interventi statali,Conto esercizio (premio),ASTATO,1,,,,,,,,,,,,,,1,,
282108,,Interventi statali,Conto esercizio (premio),ASTATO,1,,,,,,,,,,,,,,1,,
282109,,Interventi statali,Conto esercizio (premio),ASTATO,1,,,,,,,,,,,,,,1,,
291080,,Interventi statali,Conto esercizio (premio),ASTATO,1,,,,,,,,,,,,,,1,,
291083,,Interventi statali,Conto esercizio (premio),ASTATO,1,,,,,,,,,,,,,,1,,
291087,,Interventi statali,Conto esercizio (premio),ASTATO,1,,,,,,,,,,,,,,1,,
291088,,Interventi statali,Conto esercizio (premio),ASTATO,1,,,,,,,,,,,,,,1,,
291089,,Interventi regionali e altri,Conto esercizio (premio),ASTATO,1,,,,,,,,,,,,,,1,,
291090,,Interventi statali,Conto esercizio (premio),ASTATO,1,,,,,,,,,,,,,,1,,
291100,,Interventi statali,Conto esercizio (premio),ASTATO,1,,,,,,,,,,,,,,1,,
291101,,Interventi statali,Conto esercizio (premio),ASTATO,1,,,,,,,,,,,,,,1,,
291102,,Interventi statali,Conto esercizio (premio),ASTATO,1,,,,,,,,,,,,,,1,,
291103,,Interventi statali,Conto esercizio (premio),ASTATO,1,,,,,,,,,,,,,,1,,
291105,,Interventi statali,Conto esercizio (premio),ASTATO,1,,,,,,,,,,,,,,1,,
291107,,Interventi statali,Conto esercizio (premio),ASTATO,1,,,,,,,,,,,,,,1,,
291108,,Interventi statali,Conto esercizio (premio),ASTATO,1,,,,,,,,,,,,,,1,,
291109,,Interventi statali,Conto esercizio (premio),ASTATO,1,,,,,,,,,,,,,,1,,
291110,,Interventi statali,Conto esercizio (premio),ASTATO,1,,,,,,,,,,,,,,1,,
292080,,Interventi statali,Conto esercizio (premio),ASTATO,1,,,,,,,,,,,,,,1,,
292088,,Interventi statali,Conto esercizio (premio),ASTATO,1,,,,,,,,,,,,,,1,,
292089,,Interventi regionali e altri,Conto esercizio (premio),ASTATO,1,,,,,,,,,,,,,,1,,
301080,,Interventi statali,Conto esercizio (premio),ASTATO,1,,,,,,,,,,,,,,1,,
301088,,Interventi statali,Conto esercizio (premio),ASTATO,1,,,,,,,,,,,,,,1,,
301089,,Interventi regionali e altri,Conto esercizio (premio),ASTATO,1,,,,,,,,,,,,,,1,,
301102,,Interventi statali,Conto esercizio (premio),ASTATO,1,,,,,,,,,,,,,,1,,
301103,,Interventi statali,Conto esercizio (premio),ASTATO,1,,,,,,,,,,,,,,1,,
301105,,Interventi statali,Conto esercizio (premio),ASTATO,1,,,,,,,,,,,,,,1,,
301107,,Interventi statali,Conto esercizio (premio),ASTATO,1,,,,,,,,,,,,,,1,,
301108,,Interventi statali,Conto esercizio (premio),ASTATO,1,,,,,,,,,,,,,,1,,
301109,,Interventi statali,Conto esercizio (premio),ASTATO,1,,,,,,,,,,,,,,1,,
302088,,Interventi statali,Conto esercizio (premio),ASTATO,1,,,,,,,,,,,,,,1,,
302089,,Interventi regionali e altri,Conto esercizio (premio),ASTATO,1,,,,,,,,,,,,,,1,,
303001,Riordine fondiario e ricambio generazionale in agricoltura,Interventi regionali e altri,Conto esercizio (premio),ASTATO,1,,,,,,,,,,,,,,1,,
303088,,Interventi statali,Conto esercizio (premio),ASTATO,1,,,,,,,,,,,,,,1,,
303089,,Interventi regionali e altri,Conto esercizio (premio),ASTATO,1,,,,,,,,,,,,,,1,,
311061,Regime di aiuto a favore di imprese attive nel settore agricolo - Unioncamere (241/2001),Interventi statali,Conto esercizio (premio),ASTATO,1,,,,,,,,,,,,,,1,,
311080,,Interventi statali,Conto esercizio (premio),ASTATO,1,,,,,,,,,,,,,,1,,
311086,,Interventi statali,Conto esercizio (premio),ASTATO,1,,,,,,,,,,,,,,1,,
311087,,Interventi statali,Conto esercizio (premio),ASTATO,1,,,,,,,,,,,,,,1,,
311088,,Interventi statali,Conto esercizio (premio),ASTATO,1,,,,,,,,,,,,,,1,,
311089,,Interventi regionali e altri,Conto esercizio (premio),ASTATO,1,,,,,,,,,,,,,,1,,
311090,,Interventi statali,Conto esercizio (premio),ASTATO,1,,,,,,,,,,,,,,1,,
311091,,Interventi statali,Conto capitale,ASTATO,,1,,,,,,,,,,,,,1,,
311097,,Interventi statali,Conto esercizio (premio),ASTATO,1,,,,,,,,,,,,,,1,,
311101,,Interventi statali,Conto esercizio (premio),ASTATO,1,,,,,,,,,,,,,,1,,
311103,,Interventi statali,Conto esercizio (premio),ASTATO,1,,,,,,,,,,,,,,1,,
311104,,Interventi statali,Conto esercizio (premio),ASTATO,1,,,,,,,,,,,,,,1,,
311105,,Interventi statali,Conto esercizio (premio),ASTATO,1,,,,,,,,,,,,,,1,,
311107,,Interventi statali,Conto esercizio (premio),ASTATO,1,,,,,,,,,,,,,,1,,
312080,,Interventi statali,Conto esercizio (premio),ASTATO,1,,,,,,,,,,,,,,1,,
312085,,Interventi statali,Conto esercizio (premio),ASTATO,1,,,,,,,,,,,,,,1,,
312088,,Interventi statali,Conto esercizio (premio),ASTATO,1,,,,,,,,,,,,,,1,,
312089,,Interventi regionali e altri,Conto esercizio (premio),ASTATO,1,,,,,,,,,,,,,,1,,
320080,,Interventi statali,Conto esercizio (premio),ASTATO,1,,,,,,,,,,,,,,1,,
320088,,Interventi statali,Conto esercizio (premio),ASTATO,1,,,,,,,,,,,,,,1,,
320089,,Interventi regionali e altri,Conto esercizio (premio),ASTATO,1,,,,,,,,,,,,,,1,,
330080,,Interventi statali,Conto esercizio (premio),ASTATO,1,,,,,,,,,,,,,,1,,
330087,,Interventi statali,Conto esercizio (premio),ASTATO,1,,,,,,,,,,,,,,1,,
330088,,Interventi statali,Conto esercizio (premio),ASTATO,1,,,,,,,,,,,,,,1,,
330089,,Interventi regionali e altri,Conto esercizio (premio),ASTATO,1,,,,,,,,,,,,,,1,,
330091,,Interventi statali,Conto capitale,ASTATO,,1,,,,,,,,,,,,,1,,
330097,,Interventi statali,Conto esercizio (premio),ASTATO,1,,,,,,,,,,,,,,1,,
999001,,Interventi statali,Conto capitale,ASTATO,,1,,,,,,,,,,,,,1,,
,,,,,,,,,,,,,,,,,,,,,
,,,,,,,,,,,,,,,,,,,,,
,,,,,,,,,,,,,,,,,,,,,
,,,,,,,,,,,,,,,,,,,,,
,,,,,,,,,,,,,,,,,,,,,
,,,,,,,,,,,,,,,,,,,,,
,,,,,,,,,,,,,,,,,,,,,
,,,,,,,,,,,,,,,,,,,,,
,,,,,,,,,,,,,,,,,,,,,
,,,,,,,,,,,,,,,,,,,,,
,,,,,,,,,,,,,,,,,,,,,
,,,,,,,,,,,,,,,,,,,,,
,,,,,,,,,,,,,,,,,,,,,
,,,,,,,,,,,,,,,,,,,,,
,,,,,,,,,,,,,,,,,,,,,
,,,,,,,,,,,,,,,,,,,,,
,,,,,,,,,,,,,,,,,,,,,
,,,,,,,,,,,,,,,,,,,,,
,,,,,,,,,,,,,,,,,,,,,
,,,,,,,,,,,,,,,,,,,,,
,,,,,,,,,,,,,,,,,,,,,
,,,,,,,,,,,,,,,,,,,,,
,,,,,,,,,,,,,,,,,,,,,
,,,,,,,,,,,,,,,,,,,,,
,,,,,,,,,,,,,,,,,,,,,
,,,,,,,,,,,,,,,,,,,,,
,,,,,,,,,,,,,,,,,,,,,
,,,,,,,,,,,,,,,,,,,,,
,,,,,,,,,,,,,,,,,,,,,
,,,,,,,,,,,,,,,,,,,,,
,,,,,,,,,,,,,,,,,,,,,
,,,,,,,,,,,,,,,,,,,,,
,,,,,,,,,,,,,,,,,,,,,
,,,,,,,,,,,,,,,,,,,,,
,,,,,,,,,,,,,,,,,,,,,
,,,,,,,,,,,,,,,,,,,,,
,,,,,,,,,,,,,,,,,,,,,
,,,,,,,,,,,,,,,,,,,,,
,,,,,,,,,,,,,,,,,,,,,
,,,,,,,,,,,,,,,,,,,,,
,,,,,,,,,,,,,,,,,,,,,
,,,,,,,,,,,,,,,,,,,,,
,,,,,,,,,,,,,,,,,,,,,
,,,,,,,,,,,,,,,,,,,,,
,,,,,,,,,,,,,,,,,,,,,
,,,,,,,,,,,,,,,,,,,,,
,,,,,,,,,,,,,,,,,,,,,
,,,,,,,,,,,,,,,,,,,,,
,,,,,,,,,,,,,,,,,,,,,
,,,,,,,,,,,,,,,,,,,,,
,,,,,,,,,,,,,,,,,,,,,
,,,,,,,,,,,,,,,,,,,,,
,,,,,,,,,,,,,,,,,,,,,
,,,,,,,,,,,,,,,,,,,,,
,,,,,,,,,,,,,,,,,,,,,
,,,,,,,,,,,,,,,,,,,,,
,,,,,,,,,,,,,,,,,,,,,
,,,,,,,,,,,,,,,,,,,,,
,,,,,,,,,,,,,,,,,,,,,
,,,,,,,,,,,,,,,,,,,,,
,,,,,,,,,,,,,,,,,,,,,
,,,,,,,,,,,,,,,,,,,,,
,,,,,,,,,,,,,,,,,,,,,
,,,,,,,,,,,,,,,,,,,,,
,,,,,,,,,,,,,,,,,,,,,
,,,,,,,,,,,,,,,,,,,,,
,,,,,,,,,,,,,,,,,,,,,
,,,,,,,,,,,,,,,,,,,,,
,,,,,,,,,,,,,,,,,,,,,
,,,,,,,,,,,,,,,,,,,,,
,,,,,,,,,,,,,,,,,,,,,
,,,,,,,,,,,,,,,,,,,,,
,,,,,,,,,,,,,,,,,,,,,
,,,,,,,,,,,,,,,,,,,,,
,,,,,,,,,,,,,,,,,,,,,
,,,,,,,,,,,,,,,,,,,,,
,,,,,,,,,,,,,,,,,,,,,
,,,,,,,,,,,,,,,,,,,,,
,,,,,,,,,,,,,,,,,,,,,
,,,,,,,,,,,,,,,,,,,,,
,,,,,,,,,,,,,,,,,,,,,
,,,,,,,,,,,,,,,,,,,,,
,,,,,,,,,,,,,,,,,,,,,
,,,,,,,,,,,,,,,,,,,,,
,,,,,,,,,,,,,,,,,,,,,
,,,,,,,,,,,,,,,,,,,,,
,,,,,,,,,,,,,,,,,,,,,
,,,,,,,,,,,,,,,,,,,,,
,,,,,,,,,,,,,,,,,,,,,
,,,,,,,,,,,,,,,,,,,,,
,,,,,,,,,,,,,,,,,,,,,
,,,,,,,,,,,,,,,,,,,,,
,,,,,,,,,,,,,,,,,,,,,
,,,,,,,,,,,,,,,,,,,,,
,,,,,,,,,,,,,,,,,,,,,
,,,,,,,,,,,,,,,,,,,,,
,,,,,,,,,,,,,,,,,,,,,
,,,,,,,,,,,,,,,,,,,,,
,,,,,,,,,,,,,,,,,,,,,
,,,,,,,,,,,,,,,,,,,,,
,,,,,,,,,,,,,,,,,,,,,
,,,,,,,,,,,,,,,,,,,,,
,,,,,,,,,,,,,,,,,,,,,
,,,,,,,,,,,,,,,,,,,,,
,,,,,,,,,,,,,,,,,,,,,
,,,,,,,,,,,,,,,,,,,,,
,,,,,,,,,,,,,,,,,,,,,
,,,,,,,,,,,,,,,,,,,,,
,,,,,,,,,,,,,,,,,,,,,
,,,,,,,,,,,,,,,,,,,,,
,,,,,,,,,,,,,,,,,,,,,
,,,,,,,,,,,,,,,,,,,,,
,,,,,,,,,,,,,,,,,,,,,
,,,,,,,,,,,,,,,,,,,,,
,,,,,,,,,,,,,,,,,,,,,
,,,,,,,,,,,,,,,,,,,,,
,,,,,,,,,,,,,,,,,,,,,
,,,,,,,,,,,,,,,,,,,,,
,,,,,,,,,,,,,,,,,,,,,
,,,,,,,,,,,,,,,,,,,,,
,,,,,,,,,,,,,,,,,,,,,
,,,,,,,,,,,,,,,,,,,,,
,,,,,,,,,,,,,,,,,,,,,
,,,,,,,,,,,,,,,,,,,,,
,,,,,,,,,,,,,,,,,,,,,
,,,,,,,,,,,,,,,,,,,,,
,,,,,,,,,,,,,,,,,,,,,
,,,,,,,,,,,,,,,,,,,,,
,,,,,,,,,,,,,,,,,,,,,
,,,,,,,,,,,,,,,,,,,,,
,,,,,,,,,,,,,,,,,,,,,
,,,,,,,,,,,,,,,,,,,,,
,,,,,,,,,,,,,,,,,,,,,
,,,,,,,,,,,,,,,,,,,,,
,,,,,,,,,,,,,,,,,,,,,
,,,,,,,,,,,,,,,,,,,,,
,,,,,,,,,,,,,,,,,,,,,
,,,,,,,,,,,,,,,,,,,,,
,,,,,,,,,,,,,,,,,,,,,
,,,,,,,,,,,,,,,,,,,,,
,,,,,,,,,,,,,,,,,,,,,
,,,,,,,,,,,,,,,,,,,,,
,,,,,,,,,,,,,,,,,,,,,
,,,,,,,,,,,,,,,,,,,,,
,,,,,,,,,,,,,,,,,,,,,
,,,,,,,,,,,,,,,,,,,,,
,,,,,,,,,,,,,,,,,,,,,
,,,,,,,,,,,,,,,,,,,,,
,,,,,,,,,,,,,,,,,,,,,
,,,,,,,,,,,,,,,,,,,,,
,,,,,,,,,,,,,,,,,,,,,
,,,,,,,,,,,,,,,,,,,,,
,,,,,,,,,,,,,,,,,,,,,
,,,,,,,,,,,,,,,,,,,,,
,,,,,,,,,,,,,,,,,,,,,
,,,,,,,,,,,,,,,,,,,,,
,,,,,,,,,,,,,,,,,,,,,
,,,,,,,,,,,,,,,,,,,,,
,,,,,,,,,,,,,,,,,,,,,
,,,,,,,,,,,,,,,,,,,,,
,,,,,,,,,,,,,,,,,,,,,
,,,,,,,,,,,,,,,,,,,,,
,,,,,,,,,,,,,,,,,,,,,
,,,,,,,,,,,,,,,,,,,,,
,,,,,,,,,,,,,,,,,,,,,
,,,,,,,,,,,,,,,,,,,,,
,,,,,,,,,,,,,,,,,,,,,
,,,,,,,,,,,,,,,,,,,,,
,,,,,,,,,,,,,,,,,,,,,
,,,,,,,,,,,,,,,,,,,,,
,,,,,,,,,,,,,,,,,,,,,
,,,,,,,,,,,,,,,,,,,,,
,,,,,,,,,,,,,,,,,,,,,
,,,,,,,,,,,,,,,,,,,,,
,,,,,,,,,,,,,,,,,,,,,
,,,,,,,,,,,,,,,,,,,,,
,,,,,,,,,,,,,,,,,,,,,
,,,,,,,,,,,,,,,,,,,,,
,,,,,,,,,,,,,,,,,,,,,
,,,,,,,,,,,,,,,,,,,,,
,,,,,,,,,,,,,,,,,,,,,
,,,,,,,,,,,,,,,,,,,,,
,,,,,,,,,,,,,,,,,,,,,
,,,,,,,,,,,,,,,,,,,,,
,,,,,,,,,,,,,,,,,,,,,
,,,,,,,,,,,,,,,,,,,,,
,,,,,,,,,,,,,,,,,,,,,
,,,,,,,,,,,,,,,,,,,,,
,,,,,,,,,,,,,,,,,,,,,
,,,,,,,,,,,,,,,,,,,,,
,,,,,,,,,,,,,,,,,,,,,
,,,,,,,,,,,,,,,,,,,,,
,,,,,,,,,,,,,,,,,,,,,
,,,,,,,,,,,,,,,,,,,,,
,,,,,,,,,,,,,,,,,,,,,
,,,,,,,,,,,,,,,,,,,,,
,,,,,,,,,,,,,,,,,,,,,
,,,,,,,,,,,,,,,,,,,,,
,,,,,,,,,,,,,,,,,,,,,
,,,,,,,,,,,,,,,,,,,,,
,,,,,,,,,,,,,,,,,,,,,
,,,,,,,,,,,,,,,,,,,,,
,,,,,,,,,,,,,,,,,,,,,
,,,,,,,,,,,,,,,,,,,,,
,,,,,,,,,,,,,,,,,,,,,
,,,,,,,,,,,,,,,,,,,,,
,,,,,,,,,,,,,,,,,,,,,
,,,,,,,,,,,,,,,,,,,,,
,,,,,,,,,,,,,,,,,,,,,
,,,,,,,,,,,,,,,,,,,,,
,,,,,,,,,,,,,,,,,,,,,
,,,,,,,,,,,,,,,,,,,,,
,,,,,,,,,,,,,,,,,,,,,
,,,,,,,,,,,,,,,,,,,,,
,,,,,,,,,,,,,,,,,,,,,
,,,,,,,,,,,,,,,,,,,,,
,,,,,,,,,,,,,,,,,,,,,
,,,,,,,,,,,,,,,,,,,,,
,,,,,,,,,,,,,,,,,,,,,
,,,,,,,,,,,,,,,,,,,,,
,,,,,,,,,,,,,,,,,,,,,
,,,,,,,,,,,,,,,,,,,,,
,,,,,,,,,,,,,,,,,,,,,
,,,,,,,,,,,,,,,,,,,,,
,,,,,,,,,,,,,,,,,,,,,
,,,,,,,,,,,,,,,,,,,,,
,,,,,,,,,,,,,,,,,,,,,
,,,,,,,,,,,,,,,,,,,,,
,,,,,,,,,,,,,,,,,,,,,
,,,,,,,,,,,,,,,,,,,,,
,,,,,,,,,,,,,,,,,,,,,
,,,,,,,,,,,,,,,,,,,,,
,,,,,,,,,,,,,,,,,,,,,
,,,,,,,,,,,,,,,,,,,,,
,,,,,,,,,,,,,,,,,,,,,
,,,,,,,,,,,,,,,,,,,,,
,,,,,,,,,,,,,,,,,,,,,
,,,,,,,,,,,,,,,,,,,,,
,,,,,,,,,,,,,,,,,,,,,
,,,,,,,,,,,,,,,,,,,,,
,,,,,,,,,,,,,,,,,,,,,
,,,,,,,,,,,,,,,,,,,,,
,,,,,,,,,,,,,,,,,,,,,
,,,,,,,,,,,,,,,,,,,,,
,,,,,,,,,,,,,,,,,,,,,
,,,,,,,,,,,,,,,,,,,,,
,,,,,,,,,,,,,,,,,,,,,
,,,,,,,,,,,,,,,,,,,,,
,,,,,,,,,,,,,,,,,,,,,
,,,,,,,,,,,,,,,,,,,,,
,,,,,,,,,,,,,,,,,,,,,
,,,,,,,,,,,,,,,,,,,,,
,,,,,,,,,,,,,,,,,,,,,
,,,,,,,,,,,,,,,,,,,,,
,,,,,,,,,,,,,,,,,,,,,
,,,,,,,,,,,,,,,,,,,,,
,,,,,,,,,,,,,,,,,,,,,
,,,,,,,,,,,,,,,,,,,,,
,,,,,,,,,,,,,,,,,,,,,
,,,,,,,,,,,,,,,,,,,,,
,,,,,,,,,,,,,,,,,,,,,
,,,,,,,,,,,,,,,,,,,,,
,,,,,,,,,,,,,,,,,,,,,
,,,,,,,,,,,,,,,,,,,,,
,,,,,,,,,,,,,,,,,,,,,
,,,,,,,,,,,,,,,,,,,,,
,,,,,,,,,,,,,,,,,,,,,
,,,,,,,,,,,,,,,,,,,,,
,,,,,,,,,,,,,,,,,,,,,
,,,,,,,,,,,,,,,,,,,,,
,,,,,,,,,,,,,,,,,,,,,
,,,,,,,,,,,,,,,,,,,,,
,,,,,,,,,,,,,,,,,,,,,
,,,,,,,,,,,,,,,,,,,,,
,,,,,,,,,,,,,,,,,,,,,
,,,,,,,,,,,,,,,,,,,,,
,,,,,,,,,,,,,,,,,,,,,
,,,,,,,,,,,,,,,,,,,,,
,,,,,,,,,,,,,,,,,,,,,
,,,,,,,,,,,,,,,,,,,,,
,,,,,,,,,,,,,,,,,,,,,
,,,,,,,,,,,,,,,,,,,,,
,,,,,,,,,,,,,,,,,,,,,
,,,,,,,,,,,,,,,,,,,,,
,,,,,,,,,,,,,,,,,,,,,
,,,,,,,,,,,,,,,,,,,,,
,,,,,,,,,,,,,,,,,,,,,
,,,,,,,,,,,,,,,,,,,,,
,,,,,,,,,,,,,,,,,,,,,
,,,,,,,,,,,,,,,,,,,,,
,,,,,,,,,,,,,,,,,,,,,
,,,,,,,,,,,,,,,,,,,,,
,,,,,,,,,,,,,,,,,,,,,
,,,,,,,,,,,,,,,,,,,,,
,,,,,,,,,,,,,,,,,,,,,
,,,,,,,,,,,,,,,,,,,,,
,,,,,,,,,,,,,,,,,,,,,
,,,,,,,,,,,,,,,,,,,,,
,,,,,,,,,,,,,,,,,,,,,
,,,,,,,,,,,,,,,,,,,,,
,,,,,,,,,,,,,,,,,,,,,
,,,,,,,,,,,,,,,,,,,,,
,,,,,,,,,,,,,,,,,,,,,
,,,,,,,,,,,,,,,,,,,,,
,,,,,,,,,,,,,,,,,,,,,
,,,,,,,,,,,,,,,,,,,,,
,,,,,,,,,,,,,,,,,,,,,
,,,,,,,,,,,,,,,,,,,,,
,,,,,,,,,,,,,,,,,,,,,
,,,,,,,,,,,,,,,,,,,,,
,,,,,,,,,,,,,,,,,,,,,
,,,,,,,,,,,,,,,,,,,,,
,,,,,,,,,,,,,,,,,,,,,
,,,,,,,,,,,,,,,,,,,,,
,,,,,,,,,,,,,,,,,,,,,
,,,,,,,,,,,,,,,,,,,,,
,,,,,,,,,,,,,,,,,,,,,
,,,,,,,,,,,,,,,,,,,,,
,,,,,,,,,,,,,,,,,,,,,
,,,,,,,,,,,,,,,,,,,,,
,,,,,,,,,,,,,,,,,,,,,
,,,,,,,,,,,,,,,,,,,,,
,,,,,,,,,,,,,,,,,,,,,
,,,,,,,,,,,,,,,,,,,,,
,,,,,,,,,,,,,,,,,,,,,
,,,,,,,,,,,,,,,,,,,,,
,,,,,,,,,,,,,,,,,,,,,
,,,,,,,,,,,,,,,,,,,,,
,,,,,,,,,,,,,,,,,,,,,
,,,,,,,,,,,,,,,,,,,,,
,,,,,,,,,,,,,,,,,,,,,
,,,,,,,,,,,,,,,,,,,,,
,,,,,,,,,,,,,,,,,,,,,
,,,,,,,,,,,,,,,,,,,,,
,,,,,,,,,,,,,,,,,,,,,
,,,,,,,,,,,,,,,,,,,,,
,,,,,,,,,,,,,,,,,,,,,
,,,,,,,,,,,,,,,,,,,,,
,,,,,,,,,,,,,,,,,,,,,
,,,,,,,,,,,,,,,,,,,,,
,,,,,,,,,,,,,,,,,,,,,
,,,,,,,,,,,,,,,,,,,,,
,,,,,,,,,,,,,,,,,,,,,
,,,,,,,,,,,,,,,,,,,,,
,,,,,,,,,,,,,,,,,,,,,
,,,,,,,,,,,,,,,,,,,,,
,,,,,,,,,,,,,,,,,,,,,
,,,,,,,,,,,,,,,,,,,,,
,,,,,,,,,,,,,,,,,,,,,
,,,,,,,,,,,,,,,,,,,,,
,,,,,,,,,,,,,,,,,,,,,
,,,,,,,,,,,,,,,,,,,,,
,,,,,,,,,,,,,,,,,,,,,
,,,,,,,,,,,,,,,,,,,,,
,,,,,,,,,,,,,,,,,,,,,
,,,,,,,,,,,,,,,,,,,,,
,,,,,,,,,,,,,,,,,,,,,
,,,,,,,,,,,,,,,,,,,,,
,,,,,,,,,,,,,,,,,,,,,
,,,,,,,,,,,,,,,,,,,,,
,,,,,,,,,,,,,,,,,,,,,
,,,,,,,,,,,,,,,,,,,,,
,,,,,,,,,,,,,,,,,,,,,
,,,,,,,,,,,,,,,,,,,,,
,,,,,,,,,,,,,,,,,,,,,
,,,,,,,,,,,,,,,,,,,,,
,,,,,,,,,,,,,,,,,,,,,
,,,,,,,,,,,,,,,,,,,,,
,,,,,,,,,,,,,,,,,,,,,
,,,,,,,,,,,,,,,,,,,,,
,,,,,,,,,,,,,,,,,,,,,
,,,,,,,,,,,,,,,,,,,,,
,,,,,,,,,,,,,,,,,,,,,
,,,,,,,,,,,,,,,,,,,,,
,,,,,,,,,,,,,,,,,,,,,
,,,,,,,,,,,,,,,,,,,,,
,,,,,,,,,,,,,,,,,,,,,
,,,,,,,,,,,,,,,,,,,,,
,,,,,,,,,,,,,,,,,,,,,
,,,,,,,,,,,,,,,,,,,,,
,,,,,,,,,,,,,,,,,,,,,
,,,,,,,,,,,,,,,,,,,,,
,,,,,,,,,,,,,,,,,,,,,
,,,,,,,,,,,,,,,,,,,,,
,,,,,,,,,,,,,,,,,,,,,
,,,,,,,,,,,,,,,,,,,,,
,,,,,,,,,,,,,,,,,,,,,
,,,,,,,,,,,,,,,,,,,,,
,,,,,,,,,,,,,,,,,,,,,
,,,,,,,,,,,,,,,,,,,,,
,,,,,,,,,,,,,,,,,,,,,
,,,,,,,,,,,,,,,,,,,,,
,,,,,,,,,,,,,,,,,,,,,
,,,,,,,,,,,,,,,,,,,,,
,,,,,,,,,,,,,,,,,,,,,
,,,,,,,,,,,,,,,,,,,,,
,,,,,,,,,,,,,,,,,,,,,
,,,,,,,,,,,,,,,,,,,,,
,,,,,,,,,,,,,,,,,,,,,
,,,,,,,,,,,,,,,,,,,,,
,,,,,,,,,,,,,,,,,,,,,
,,,,,,,,,,,,,,,,,,,,,
,,,,,,,,,,,,,,,,,,,,,
,,,,,,,,,,,,,,,,,,,,,
,,,,,,,,,,,,,,,,,,,,,
,,,,,,,,,,,,,,,,,,,,,
,,,,,,,,,,,,,,,,,,,,,
,,,,,,,,,,,,,,,,,,,,,
,,,,,,,,,,,,,,,,,,,,,
,,,,,,,,,,,,,,,,,,,,,
,,,,,,,,,,,,,,,,,,,,,
,,,,,,,,,,,,,,,,,,,,,
,,,,,,,,,,,,,,,,,,,,,
,,,,,,,,,,,,,,,,,,,,,
,,,,,,,,,,,,,,,,,,,,,
,,,,,,,,,,,,,,,,,,,,,
,,,,,,,,,,,,,,,,,,,,,
,,,,,,,,,,,,,,,,,,,,,
,,,,,,,,,,,,,,,,,,,,,
,,,,,,,,,,,,,,,,,,,,,
,,,,,,,,,,,,,,,,,,,,,
,,,,,,,,,,,,,,,,,,,,,
,,,,,,,,,,,,,,,,,,,,,
,,,,,,,,,,,,,,,,,,,,,
,,,,,,,,,,,,,,,,,,,,,
,,,,,,,,,,,,,,,,,,,,,
,,,,,,,,,,,,,,,,,,,,,
,,,,,,,,,,,,,,,,,,,,,
,,,,,,,,,,,,,,,,,,,,,
,,,,,,,,,,,,,,,,,,,,,
,,,,,,,,,,,,,,,,,,,,,
,,,,,,,,,,,,,,,,,,,,,
,,,,,,,,,,,,,,,,,,,,,
,,,,,,,,,,,,,,,,,,,,,
,,,,,,,,,,,,,,,,,,,,,
,,,,,,,,,,,,,,,,,,,,,
,,,,,,,,,,,,,,,,,,,,,
,,,,,,,,,,,,,,,,,,,,,
,,,,,,,,,,,,,,,,,,,,,
,,,,,,,,,,,,,,,,,,,,,
,,,,,,,,,,,,,,,,,,,,,
,,,,,,,,,,,,,,,,,,,,,
,,,,,,,,,,,,,,,,,,,,,
,,,,,,,,,,,,,,,,,,,,,
,,,,,,,,,,,,,,,,,,,,,
,,,,,,,,,,,,,,,,,,,,,
,,,,,,,,,,,,,,,,,,,,,
,,,,,,,,,,,,,,,,,,,,,
,,,,,,,,,,,,,,,,,,,,,
,,,,,,,,,,,,,,,,,,,,,
,,,,,,,,,,,,,,,,,,,,,
,,,,,,,,,,,,,,,,,,,,,
,,,,,,,,,,,,,,,,,,,,,
,,,,,,,,,,,,,,,,,,,,,
,,,,,,,,,,,,,,,,,,,,,
,,,,,,,,,,,,,,,,,,,,,
,,,,,,,,,,,,,,,,,,,,,
,,,,,,,,,,,,,,,,,,,,,
,,,,,,,,,,,,,,,,,,,,,
,,,,,,,,,,,,,,,,,,,,,
,,,,,,,,,,,,,,,,,,,,,
,,,,,,,,,,,,,,,,,,,,,
,,,,,,,,,,,,,,,,,,,,,
,,,,,,,,,,,,,,,,,,,,,
,,,,,,,,,,,,,,,,,,,,,
,,,,,,,,,,,,,,,,,,,,,
,,,,,,,,,,,,,,,,,,,,,
,,,,,,,,,,,,,,,,,,,,,
,,,,,,,,,,,,,,,,,,,,,
,,,,,,,,,,,,,,,,,,,,,
,,,,,,,,,,,,,,,,,,,,,
,,,,,,,,,,,,,,,,,,,,,
,,,,,,,,,,,,,,,,,,,,,
,,,,,,,,,,,,,,,,,,,,,
,,,,,,,,,,,,,,,,,,,,,
,,,,,,,,,,,,,,,,,,,,,
,,,,,,,,,,,,,,,,,,,,,
